"d13C","d15N","ID","Sp","Sexo","month","foraging"
-16.3,20.3,"167","Aa","H",12,"restricted"
-15.2,18.6,"167","Aa","H",11,"nonrestr"
-15.4,17.7,"167","Aa","H",10,"nonrestr"
-15.7,17.5,"167","Aa","H",9,"restricted"
-15.4,17.6,"167","Aa","H",8,"restricted"
-14.7,19.3,"167","Aa","H",7,"restricted"
-14.8,19.5,"167","Aa","H",6,"restricted"
-14.8,19.4,"167","Aa","H",5,"restricted"
-14.6,19.4,"167","Aa","H",4,"restricted"
-14.8,19.1,"167","Aa","H",3,"restricted"
-14.8,18.7,"167","Aa","H",2,"restricted"
-14.8,18.5,"167","Aa","H",1,"restricted"
-14.8,18.7,"167","Aa","H",12,"restricted"
-14.9,18.6,"167","Aa","H",11,"nonrestr"
-15.1,18.5,"167","Aa","H",10,"nonrestr"
-15.1,18.8,"167","Aa","H",9,"restricted"
-15.3,18.3,"167","Aa","H",8,"restricted"
-15.1,19.4,"167","Aa","H",7,"restricted"
-15.3,19,"167","Aa","H",6,"restricted"
-15.2,19,"167","Aa","H",5,"restricted"
-15.2,18.7,"167","Aa","H",4,"restricted"
-15.2,18.6,"167","Aa","H",3,"restricted"
-15.5,18.1,"167","Aa","H",2,"restricted"
-15.3,18.2,"167","Aa","H",1,"restricted"
-14.7,18.9,"167","Aa","H",12,"restricted"
-14.5,19.6,"167","Aa","H",11,"nonrestr"
-14.8,19.6,"167","Aa","H",10,"nonrestr"
-14.8,19.7,"167","Aa","H",9,"restricted"
-14.4,20.1,"167","Aa","H",8,"restricted"
-14.5,19.9,"167","Aa","H",7,"restricted"
-14.7,19.3,"167","Aa","H",6,"restricted"
-14.6,18.9,"167","Aa","H",5,"restricted"
-14.2,18.6,"167","Aa","H",4,"restricted"
-14.3,18.7,"167","Aa","H",3,"restricted"
-14.8,18.4,"167","Aa","H",2,"restricted"
-14.9,17.9,"167","Aa","H",1,"restricted"
-14.8,18.3,"167","Aa","H",12,"restricted"
-14.4,19.4,"167","Aa","H",11,"nonrestr"
-14.3,19.6,"167","Aa","H",10,"nonrestr"
-13.9,19.5,"167","Aa","H",9,"restricted"
-13.8,19.7,"167","Aa","H",8,"restricted"
-14.1,19.3,"167","Aa","H",7,"restricted"
-13.9,18.9,"167","Aa","H",6,"restricted"
-13.5,19.1,"167","Aa","H",5,"restricted"
-14.3,18.9,"167","Aa","H",4,"restricted"
-14.5,18.5,"167","Aa","H",3,"restricted"
-14.8,19.2,"167","Aa","H",2,"restricted"
-14.8,19.2,"167","Aa","H",1,"restricted"
-14.9,19.1,"167","Aa","H",12,"restricted"
-14.9,19.2,"167","Aa","H",11,"nonrestr"
-15.7,16.3,"167","Aa","H",9,"restricted"
-14.8,16.4,"167","Aa","H",8,"restricted"
-14.8,16.8,"167","Aa","H",7,"restricted"
-15.9,17.4,"168","Aa","H",1,"restricted"
-16.2,14.5,"168","Aa","H",12,"restricted"
-16.9,15.9,"168","Aa","H",11,"nonrestr"
-15.6,16.2,"168","Aa","H",10,"nonrestr"
-15.4,16.6,"168","Aa","H",9,"restricted"
-15.3,17,"168","Aa","H",8,"restricted"
-15.3,16.9,"168","Aa","H",7,"restricted"
-15.2,16.8,"168","Aa","H",6,"restricted"
-15.3,16.8,"168","Aa","H",5,"restricted"
-15.5,16,"168","Aa","H",4,"restricted"
-15.6,15.8,"168","Aa","H",3,"restricted"
-16,15.3,"168","Aa","H",2,"restricted"
-15.8,16.3,"168","Aa","H",1,"restricted"
-15.6,16.4,"168","Aa","H",12,"restricted"
-15.6,17.1,"168","Aa","H",11,"nonrestr"
-15.7,17.2,"168","Aa","H",10,"nonrestr"
-15.7,17,"168","Aa","H",9,"restricted"
-15.9,16.7,"168","Aa","H",8,"restricted"
-15.8,16.7,"168","Aa","H",7,"restricted"
-15.7,16.9,"168","Aa","H",6,"restricted"
-15.7,16.6,"168","Aa","H",5,"restricted"
-19.1,16.4,"168","Aa","H",4,"restricted"
-15.8,16.4,"168","Aa","H",3,"restricted"
-15.9,15.7,"168","Aa","H",2,"restricted"
-15.8,15.7,"168","Aa","H",1,"restricted"
-15.3,17.1,"168","Aa","H",12,"restricted"
-15.3,17.5,"168","Aa","H",11,"nonrestr"
-15.4,17.7,"168","Aa","H",10,"nonrestr"
-15.6,17.7,"168","Aa","H",9,"restricted"
-15.7,17.5,"168","Aa","H",8,"restricted"
-15.6,17.1,"168","Aa","H",7,"restricted"
-15.8,16.1,"168","Aa","H",6,"restricted"
-14.5,19.1,"168","Aa","H",5,"restricted"
-15.7,15.8,"168","Aa","H",4,"restricted"
-15.6,15.7,"168","Aa","H",3,"restricted"
-15.3,17.5,"168","Aa","H",2,"restricted"
-15.3,17.6,"168","Aa","H",1,"restricted"
-15.7,17.5,"168","Aa","H",12,"restricted"
-15.6,17.4,"168","Aa","H",11,"nonrestr"
-15.7,17.2,"168","Aa","H",10,"nonrestr"
-16.1,15.3,"169","Aa","H",11,"nonrestr"
-16.2,14.6,"169","Aa","H",10,"nonrestr"
-15.8,15.5,"169","Aa","H",9,"restricted"
-15.1,17.9,"169","Aa","H",8,"restricted"
-14.9,18.3,"169","Aa","H",7,"restricted"
-14.9,17.9,"169","Aa","H",6,"restricted"
-15.1,17.5,"169","Aa","H",5,"restricted"
-15.3,17.5,"169","Aa","H",4,"restricted"
-15.6,17.1,"169","Aa","H",3,"restricted"
-15.7,16.3,"169","Aa","H",2,"restricted"
-15.7,16.3,"169","Aa","H",1,"restricted"
-15.7,16.8,"169","Aa","H",12,"restricted"
-16,17,"169","Aa","H",11,"nonrestr"
-15.8,17,"169","Aa","H",10,"nonrestr"
-15.7,16.9,"169","Aa","H",9,"restricted"
-15.5,17.2,"169","Aa","H",8,"restricted"
-15.8,15.8,"169","Aa","H",7,"restricted"
-16.1,16.1,"169","Aa","H",6,"restricted"
-16,16.2,"169","Aa","H",5,"restricted"
-15.7,18.1,"169","Aa","H",4,"restricted"
-15.8,18.1,"169","Aa","H",3,"restricted"
-15.7,17.9,"169","Aa","H",2,"restricted"
-15.6,17.8,"169","Aa","H",1,"restricted"
-15.7,17.2,"169","Aa","H",12,"restricted"
-15.9,15.5,"169","Aa","H",11,"nonrestr"
-15.9,16.1,"169","Aa","H",10,"nonrestr"
-15.3,18.3,"169","Aa","H",9,"restricted"
-15.2,18.6,"169","Aa","H",8,"restricted"
-15.5,18.3,"169","Aa","H",7,"restricted"
-15.7,17.9,"169","Aa","H",6,"restricted"
-15.5,17.8,"169","Aa","H",5,"restricted"
-15.4,16.5,"169","Aa","H",4,"restricted"
-15.3,16.9,"169","Aa","H",3,"restricted"
-14.8,17.8,"169","Aa","H",2,"restricted"
-14.7,17.8,"169","Aa","H",1,"restricted"
-14.9,17.5,"169","Aa","H",12,"restricted"
-14.8,17.5,"169","Aa","H",11,"nonrestr"
-15.1,19.6,"170","Aa","H",11,"nonrestr"
-15.7,16.7,"170","Aa","H",10,"nonrestr"
-16.1,16.7,"170","Aa","H",9,"restricted"
-15.6,17.3,"170","Aa","H",8,"restricted"
-15,18.8,"170","Aa","H",7,"restricted"
-14.9,18.6,"170","Aa","H",6,"restricted"
-14.8,18.5,"170","Aa","H",5,"restricted"
-15.8,17.2,"170","Aa","H",4,"restricted"
-15.4,17.3,"170","Aa","H",3,"restricted"
-16.8,15.6,"170","Aa","H",2,"restricted"
-15.5,17.7,"170","Aa","H",1,"restricted"
-15.6,18.5,"170","Aa","H",12,"restricted"
-15.8,18.1,"170","Aa","H",11,"nonrestr"
-15.8,18,"170","Aa","H",10,"nonrestr"
-15.9,17.4,"170","Aa","H",9,"restricted"
-15.9,17.2,"170","Aa","H",8,"restricted"
-15.7,17.3,"170","Aa","H",7,"restricted"
-15.5,17.4,"170","Aa","H",6,"restricted"
-15.5,17.8,"170","Aa","H",5,"restricted"
-15.5,18.1,"170","Aa","H",4,"restricted"
-15.7,17.8,"170","Aa","H",3,"restricted"
-15.7,17.4,"170","Aa","H",2,"restricted"
-15.5,17.3,"170","Aa","H",1,"restricted"
-15.6,17.3,"170","Aa","H",12,"restricted"
-15.8,16.4,"170","Aa","H",11,"nonrestr"
-15.4,18.4,"170","Aa","H",10,"nonrestr"
-15.2,18.7,"170","Aa","H",9,"restricted"
-15.4,18.3,"170","Aa","H",8,"restricted"
-15.6,18,"170","Aa","H",7,"restricted"
-15.6,17.6,"170","Aa","H",6,"restricted"
-15.4,17.6,"170","Aa","H",5,"restricted"
-15.2,17.5,"170","Aa","H",4,"restricted"
-15,17.5,"170","Aa","H",3,"restricted"
-14.7,17.6,"170","Aa","H",2,"restricted"
-14.6,17.2,"170","Aa","H",1,"restricted"
-14.7,17,"170","Aa","H",12,"restricted"
-14.9,17,"170","Aa","H",11,"nonrestr"
-15.3,16,"170","Aa","H",10,"nonrestr"
-14.8,17.3,"170","Aa","H",9,"restricted"
-14.7,17.6,"170","Aa","H",8,"restricted"
-14.9,17.2,"170","Aa","H",7,"restricted"
-15.4,17.6,"170","Aa","H",6,"restricted"
-16.2,17.3,"172","Aa","H",11,"nonrestr"
-15.9,16.5,"172","Aa","H",10,"nonrestr"
-16.1,15.5,"172","Aa","H",9,"restricted"
-15.9,16.6,"172","Aa","H",8,"restricted"
-15.5,17.9,"172","Aa","H",7,"restricted"
-15.1,18.6,"172","Aa","H",6,"restricted"
-14.7,18.8,"172","Aa","H",5,"restricted"
-15,18.2,"172","Aa","H",4,"restricted"
-15.2,18.2,"172","Aa","H",3,"restricted"
-15.5,17.7,"172","Aa","H",2,"restricted"
-15.6,17.5,"172","Aa","H",1,"restricted"
-15.7,16.9,"172","Aa","H",12,"restricted"
-15.7,16.3,"172","Aa","H",11,"nonrestr"
-15.8,16.3,"172","Aa","H",10,"nonrestr"
-15.6,16.4,"172","Aa","H",9,"restricted"
-15.6,16.8,"172","Aa","H",8,"restricted"
-15.3,18,"172","Aa","H",7,"restricted"
-15.3,18.5,"172","Aa","H",6,"restricted"
-15.4,18.3,"172","Aa","H",5,"restricted"
-15.4,18.5,"172","Aa","H",4,"restricted"
-15.4,18.5,"172","Aa","H",3,"restricted"
-15.6,18.6,"172","Aa","H",2,"restricted"
-15.2,19.2,"172","Aa","H",1,"restricted"
-15.2,19.5,"172","Aa","H",12,"restricted"
-15.3,19.3,"172","Aa","H",11,"nonrestr"
-15.1,19.2,"172","Aa","H",10,"nonrestr"
-15.1,19.3,"172","Aa","H",9,"restricted"
-14.9,18.9,"172","Aa","H",8,"restricted"
-15.2,18,"172","Aa","H",7,"restricted"
-15.2,18.2,"172","Aa","H",6,"restricted"
-15.4,18.2,"172","Aa","H",5,"restricted"
-15.5,18.6,"172","Aa","H",4,"restricted"
-15.6,18.7,"172","Aa","H",3,"restricted"
-15,19.4,"172","Aa","H",2,"restricted"
-14.6,20,"172","Aa","H",1,"restricted"
-14.7,19.8,"172","Aa","H",12,"restricted"
-15.1,17.6,"172","Aa","H",10,"nonrestr"
-15.89,16.55,"Aa156","Aa","H",11,"nonrestr"
-16.09,17.23,"Aa156","Aa","H",9,"restricted"
-15.88,17.78,"Aa156","Aa","H",7,"restricted"
-15.63,17.88,"Aa156","Aa","H",5,"restricted"
-15.51,18.48,"Aa156","Aa","H",3,"restricted"
-15.69,16.69,"Aa156","Aa","H",1,"restricted"
-15.74,16.77,"Aa156","Aa","H",11,"nonrestr"
-15.86,16.39,"Aa156","Aa","H",9,"restricted"
-15.27,17.81,"Aa156","Aa","H",7,"restricted"
-15.01,18.04,"Aa156","Aa","H",5,"restricted"
-16.55,15.04,"Aa156","Aa","H",3,"restricted"
-15.7,17.53,"Aa156","Aa","H",1,"restricted"
-15.48,17.86,"Aa156","Aa","H",11,"nonrestr"
-15.53,17.9,"Aa156","Aa","H",9,"restricted"
-16.75,14.71,"Aa156","Aa","H",7,"restricted"
-16.24,17.34,"Aa156","Aa","H",5,"restricted"
-15.28,18.69,"Aa159","Aa","H",11,"nonrestr"
-15.1,18.57,"Aa159","Aa","H",9,"restricted"
-15.1,18.46,"Aa159","Aa","H",7,"restricted"
-15.12,18.49,"Aa159","Aa","H",5,"restricted"
-15.14,18.63,"Aa159","Aa","H",3,"restricted"
-15.01,18.49,"Aa159","Aa","H",1,"restricted"
-14.41,20.04,"Aa159","Aa","H",11,"nonrestr"
-14.48,20.4,"Aa159","Aa","H",9,"restricted"
-15.12,19.82,"Aa159","Aa","H",7,"restricted"
-14.76,18.64,"Aa159","Aa","H",5,"restricted"
-14.62,18.66,"Aa159","Aa","H",3,"restricted"
-14.9,18.99,"Aa159","Aa","H",1,"restricted"
-14.78,19.14,"Aa159","Aa","H",11,"nonrestr"
-15.21,18.32,"Aa159","Aa","H",9,"restricted"
-15.77,18.86,"Aa159","Aa","H",7,"restricted"
-16.45,19.52,"Aa159","Aa","H",5,"restricted"
-15.46,17.36,"Aa181","Aa","H",12,"restricted"
-15.11,17.66,"Aa181","Aa","H",10,"nonrestr"
-15.15,17.92,"Aa181","Aa","H",8,"restricted"
-15.51,16.27,"Aa181","Aa","H",6,"restricted"
-15.31,18.1,"Aa181","Aa","H",4,"restricted"
-15.31,18.67,"Aa181","Aa","H",2,"restricted"
-15.29,18.11,"Aa181","Aa","H",12,"restricted"
-15.24,17.75,"Aa181","Aa","H",10,"nonrestr"
-15.7,17.15,"Aa181","Aa","H",8,"restricted"
-15.65,17.27,"Aa181","Aa","H",6,"restricted"
-15.59,17.4,"Aa181","Aa","H",4,"restricted"
-15.25,17.39,"Aa181","Aa","H",2,"restricted"
-15.23,17.13,"Aa181","Aa","H",12,"restricted"
-15.14,17.08,"Aa181","Aa","H",10,"nonrestr"
-14.79,17.85,"Aa181","Aa","H",8,"restricted"
-15.16,17.19,"Aa181","Aa","H",6,"restricted"
-15.14,18.16,"Aa181","Aa","H",4,"restricted"
-15.22,18.7,"Aa181","Aa","H",2,"restricted"
-14.87,18.69,"Aa181","Aa","H",12,"restricted"
-16.32,15.49,"Aa181","Aa","H",10,"nonrestr"
-15.52,18.13,"Aa182","Aa","H",12,"restricted"
-15.14,17.64,"Aa182","Aa","H",10,"nonrestr"
-15.52,17.04,"Aa182","Aa","H",8,"restricted"
-15.48,17.38,"Aa182","Aa","H",6,"restricted"
-15.21,17.9,"Aa182","Aa","H",4,"restricted"
-15.19,16.48,"Aa182","Aa","H",2,"restricted"
-15.2,16.82,"Aa182","Aa","H",12,"restricted"
-15.17,17.93,"Aa182","Aa","H",10,"nonrestr"
-14.88,18.18,"Aa182","Aa","H",8,"restricted"
-15.04,18.53,"Aa182","Aa","H",6,"restricted"
-15.55,16.88,"Aa182","Aa","H",4,"restricted"
-15.24,18.18,"Aa182","Aa","H",2,"restricted"
-15.13,18.94,"Aa182","Aa","H",12,"restricted"
-15.05,19.37,"Aa182","Aa","H",10,"nonrestr"
-16.3,16.72,"Aa182","Aa","H",8,"restricted"
-14.61,17.21,"Aa184","Aa","H",12,"restricted"
-15.5,17.37,"Aa184","Aa","H",10,"nonrestr"
-15.65,17.1,"Aa184","Aa","H",8,"restricted"
-15.57,17.67,"Aa184","Aa","H",6,"restricted"
-15.33,17.74,"Aa184","Aa","H",4,"restricted"
-14.97,18.9,"Aa184","Aa","H",2,"restricted"
-15.09,18.79,"Aa184","Aa","H",12,"restricted"
-15.03,17.45,"Aa184","Aa","H",10,"nonrestr"
-14.97,17.4,"Aa184","Aa","H",8,"restricted"
-14.98,17.92,"Aa184","Aa","H",6,"restricted"
-14.84,18.16,"Aa184","Aa","H",4,"restricted"
-14.74,18.4,"Aa184","Aa","H",2,"restricted"
-14.58,19.31,"Aa184","Aa","H",12,"restricted"
-15.05,18.72,"Aa184","Aa","H",10,"nonrestr"
-14.81,18.36,"Aa184","Aa","H",8,"restricted"
-14.98,17.97,"Aa184","Aa","H",6,"restricted"
-15.06,18.61,"Aa184","Aa","H",4,"restricted"
-14.77,19.98,"Aa184","Aa","H",2,"restricted"
-14.52,19.98,"Aa184","Aa","H",12,"restricted"
-14.91,19.05,"Aa184","Aa","H",10,"nonrestr"
-15.03,18.52,"Aa184","Aa","H",8,"restricted"
-15.25,19.17,"Aa185","Aa","H",12,"restricted"
-15.8,17.11,"Aa185","Aa","H",10,"nonrestr"
-15.84,18.13,"Aa185","Aa","H",8,"restricted"
-15.94,18.61,"Aa185","Aa","H",6,"restricted"
-15.91,17.68,"Aa185","Aa","H",4,"restricted"
-16.06,18.58,"Aa185","Aa","H",2,"restricted"
-15.66,19.48,"Aa185","Aa","H",12,"restricted"
-15.17,19.52,"Aa185","Aa","H",10,"nonrestr"
-14.9,20.02,"Aa185","Aa","H",8,"restricted"
-15.2,18.09,"Aa185","Aa","H",6,"restricted"
-14.74,19.23,"Aa185","Aa","H",4,"restricted"
-15.34,18.02,"Aa185","Aa","H",2,"restricted"
-15.82,17.11,"Aa185","Aa","H",12,"restricted"
-15.3,19.2,"Aa185","Aa","H",10,"nonrestr"
-15.26,19.53,"Aa185","Aa","H",8,"restricted"
-15.85,18.16,"Aa185","Aa","H",6,"restricted"
-14.83,18.75,"Aa186","Aa","H",12,"restricted"
-15.57,17.92,"Aa186","Aa","H",10,"nonrestr"
-15.6,18.92,"Aa186","Aa","H",8,"restricted"
-15.03,18.24,"Aa186","Aa","H",6,"restricted"
-15.76,17.6,"Aa186","Aa","H",4,"restricted"
-15.72,18.18,"Aa186","Aa","H",2,"restricted"
-15.47,18.61,"Aa186","Aa","H",12,"restricted"
-15.57,17.2,"Aa186","Aa","H",10,"nonrestr"
-15.29,18.28,"Aa186","Aa","H",8,"restricted"
-15.27,18.17,"Aa186","Aa","H",6,"restricted"
-14.99,18.36,"Aa186","Aa","H",4,"restricted"
-14.31,19.29,"Aa186","Aa","H",2,"restricted"
-14.79,18.12,"Aa186","Aa","H",12,"restricted"
-14.97,18.94,"Aa186","Aa","H",10,"nonrestr"
-14.12,20.32,"Aa186","Aa","H",8,"restricted"
-14.46,19.75,"Aa186","Aa","H",6,"restricted"
-16.13,17.79,"Aa186","Aa","H",4,"restricted"
-15.68,17.75,"Aa187","Aa","H",12,"restricted"
-15.43,17.65,"Aa187","Aa","H",10,"nonrestr"
-15.61,17.2,"Aa187","Aa","H",8,"restricted"
-15.91,17.49,"Aa187","Aa","H",6,"restricted"
-15.48,17.85,"Aa187","Aa","H",4,"restricted"
-15.42,18.27,"Aa187","Aa","H",2,"restricted"
-15.05,17.93,"Aa187","Aa","H",12,"restricted"
-15.13,17.73,"Aa187","Aa","H",10,"nonrestr"
-15.08,16.99,"Aa187","Aa","H",8,"restricted"
-15.05,17.08,"Aa187","Aa","H",6,"restricted"
-14.94,17.9,"Aa187","Aa","H",4,"restricted"
-15.4,16.43,"Aa187","Aa","H",2,"restricted"
-15.41,17.04,"Aa187","Aa","H",12,"restricted"
-15.03,18.2,"Aa187","Aa","H",10,"nonrestr"
-15.05,18.34,"Aa187","Aa","H",8,"restricted"
-15.09,18.16,"Aa187","Aa","H",6,"restricted"
-15.85,15.9,"Aa187","Aa","H",4,"restricted"
-15.28,18.94,"Aa188","Aa","H",12,"restricted"
-15.93,16.93,"Aa188","Aa","H",10,"nonrestr"
-16.18,18.73,"Aa188","Aa","H",8,"restricted"
-15.2,18.19,"Aa188","Aa","H",6,"restricted"
-15.12,18,"Aa188","Aa","H",4,"restricted"
-15.48,17.86,"Aa188","Aa","H",2,"restricted"
-15.58,17.86,"Aa188","Aa","H",12,"restricted"
-15.11,17.66,"Aa188","Aa","H",10,"nonrestr"
-15.2,17.56,"Aa188","Aa","H",8,"restricted"
-14.37,18.88,"Aa188","Aa","H",6,"restricted"
-13.92,19.62,"Aa188","Aa","H",4,"restricted"
-13.99,19.07,"Aa188","Aa","H",2,"restricted"
-14.11,19.12,"Aa188","Aa","H",12,"restricted"
-14.33,18.98,"Aa188","Aa","H",10,"nonrestr"
-14.9,17.85,"Aa188","Aa","H",8,"restricted"
-14.84,17.96,"Aa188","Aa","H",6,"restricted"
-15.05,17.85,"Aa188","Aa","H",4,"restricted"
-15.01,18.45,"Aa188","Aa","H",2,"restricted"
-14.34,19.46,"Aa188","Aa","H",12,"restricted"
-14.35,19.52,"Aa188","Aa","H",10,"nonrestr"
-15.8,16.17,"Aa188","Aa","H",8,"restricted"
-16.1,16.14,"Aa188","Aa","H",6,"restricted"
-15.2,18.76,"Aa189","Aa","H",12,"restricted"
-15.12,18.83,"Aa189","Aa","H",10,"nonrestr"
-15.29,18.47,"Aa189","Aa","H",8,"restricted"
-15.56,17.25,"Aa189","Aa","H",6,"restricted"
-15.24,18.28,"Aa189","Aa","H",4,"restricted"
-15.01,17.97,"Aa189","Aa","H",2,"restricted"
-14.99,18.43,"Aa189","Aa","H",12,"restricted"
-14.48,19.12,"Aa189","Aa","H",10,"nonrestr"
-14.35,19.12,"Aa189","Aa","H",8,"restricted"
-15.68,17.05,"Aa189","Aa","H",6,"restricted"
-15.78,15.73,"Aa189","Aa","H",4,"restricted"
-15.22,16.86,"Aa189","Aa","H",2,"restricted"
-15.2,17.35,"Aa189","Aa","H",12,"restricted"
-14.59,18.51,"Aa189","Aa","H",10,"nonrestr"
-14.53,17.9,"Aa189","Aa","H",8,"restricted"
-14.66,18.42,"Aa189","Aa","H",6,"restricted"
-14.85,18.05,"Aa189","Aa","H",4,"restricted"
-16,15.78,"Aa189","Aa","H",2,"restricted"
-15.36,17.02,"Aa190","Aa","H",12,"restricted"
-15.73,17.09,"Aa190","Aa","H",10,"nonrestr"
-15.74,17.96,"Aa190","Aa","H",8,"restricted"
-15.74,17.71,"Aa190","Aa","H",6,"restricted"
-15.43,18.68,"Aa190","Aa","H",4,"restricted"
-15.15,19.11,"Aa190","Aa","H",2,"restricted"
-15.16,17.94,"Aa190","Aa","H",12,"restricted"
-15.21,17.7,"Aa190","Aa","H",10,"nonrestr"
-15.12,18.46,"Aa190","Aa","H",8,"restricted"
-14.87,18.57,"Aa190","Aa","H",6,"restricted"
-14.44,19.22,"Aa190","Aa","H",4,"restricted"
-15.15,17.88,"Aa190","Aa","H",2,"restricted"
-15.46,17.85,"Aa190","Aa","H",12,"restricted"
-15.22,18.12,"Aa190","Aa","H",10,"nonrestr"
-15.39,18.35,"Aa190","Aa","H",8,"restricted"
-14.94,18.87,"Aa190","Aa","H",6,"restricted"
-15.14,18.99,"Aa190","Aa","H",4,"restricted"
-16.05,16.09,"Aa190","Aa","H",2,"restricted"
-16.12,16.84,"Aah10","Aa","H",12,"restricted"
-16.62,14.1,"Aah10","Aa","H",10,"nonrestr"
-15.37,17.09,"Aah10","Aa","H",8,"restricted"
-14.55,18.22,"Aah10","Aa","H",6,"restricted"
-14.97,17.93,"Aah10","Aa","H",4,"restricted"
-15.31,17.29,"Aah10","Aa","H",2,"restricted"
-15.35,16.92,"Aah10","Aa","H",12,"restricted"
-15.59,16.25,"Aah10","Aa","H",10,"nonrestr"
-15.91,15.87,"Aah10","Aa","H",8,"restricted"
-15.88,15.69,"Aah10","Aa","H",6,"restricted"
-15.65,15.83,"Aah10","Aa","H",4,"restricted"
-15.27,18.23,"Aah10","Aa","H",2,"restricted"
-15.58,17.9,"Aah10","Aa","H",12,"restricted"
-15.68,17.86,"Aah10","Aa","H",10,"nonrestr"
-15.94,16.78,"Aah10","Aa","H",8,"restricted"
-16.12,14.73,"Aah10","Aa","H",6,"restricted"
-16,15.08,"Aah10","Aa","H",4,"restricted"
-15.5,18.05,"Aah10","Aa","H",2,"restricted"
-15.14,18.46,"Aah11","Aa","H",12,"restricted"
-14.92,17.64,"Aah11","Aa","H",10,"nonrestr"
-14.72,18.64,"Aah11","Aa","H",8,"restricted"
-14.96,18,"Aah11","Aa","H",6,"restricted"
-15.19,17.72,"Aah11","Aa","H",4,"restricted"
-15.13,17.77,"Aah11","Aa","H",2,"restricted"
-15.28,16.94,"Aah11","Aa","H",12,"restricted"
-15.19,17.39,"Aah11","Aa","H",10,"nonrestr"
-15.34,17.94,"Aah11","Aa","H",8,"restricted"
-15.5,17.42,"Aah11","Aa","H",6,"restricted"
-15.64,17.33,"Aah11","Aa","H",4,"restricted"
-15.48,17.57,"Aah11","Aa","H",2,"restricted"
-15.42,17.08,"Aah11","Aa","H",12,"restricted"
-14.65,17.66,"Aah11","Aa","H",10,"nonrestr"
-15.33,16.67,"Aah11","Aa","H",8,"restricted"
-14.84,18.42,"Aah11","Aa","H",6,"restricted"
-15.51,16.22,"Aah11","Aa","H",4,"restricted"
-15.58,18.37,"Aah11","Aa","H",2,"restricted"
-15.21,17.5,"Aah11","Aa","H",12,"restricted"
-15.5,16.22,"Aah11","Aa","H",10,"nonrestr"
-14.96,18.08,"Aah11","Aa","H",8,"restricted"
-14.99,17.67,"Aah11","Aa","H",6,"restricted"
-15.27,16.68,"Aah11","Aa","H",4,"restricted"
-15.25,17.05,"Aah13","Aa","H",11,"nonrestr"
-14.49,18.87,"Aah13","Aa","H",9,"restricted"
-14.47,16.79,"Aah13","Aa","H",7,"restricted"
-15.3,17.59,"Aah13","Aa","H",5,"restricted"
-15.45,16.41,"Aah13","Aa","H",3,"restricted"
-15.01,16.84,"Aah13","Aa","H",1,"restricted"
-14.36,18.06,"Aah13","Aa","H",11,"nonrestr"
-15.37,18.08,"Aah13","Aa","H",9,"restricted"
-15.73,16.8,"Aah13","Aa","H",7,"restricted"
-15.38,17.79,"Aah13","Aa","H",5,"restricted"
-14.9,17.29,"Aah13","Aa","H",3,"restricted"
-15.04,16.72,"Aah13","Aa","H",1,"restricted"
-14.23,17.99,"Aah13","Aa","H",11,"nonrestr"
-15.3,17.59,"Aah13","Aa","H",9,"restricted"
-15.87,16.34,"Aah13","Aa","H",7,"restricted"
-14.14,19.11,"Aah13","Aa","H",5,"restricted"
-15.47,17.12,"Aah13","Aa","H",3,"restricted"
-15.01,17.67,"Aah13","Aa","H",1,"restricted"
-15.91,17.5,"Aah14","Aa","H",12,"restricted"
-15.63,14.97,"Aah14","Aa","H",10,"nonrestr"
-14.98,17.4,"Aah14","Aa","H",8,"restricted"
-14.95,16.3,"Aah14","Aa","H",6,"restricted"
-15.22,17.54,"Aah14","Aa","H",4,"restricted"
-15.79,15.71,"Aah14","Aa","H",2,"restricted"
-15.49,16.1,"Aah14","Aa","H",12,"restricted"
-15.61,15.94,"Aah14","Aa","H",10,"nonrestr"
-15.47,17.36,"Aah14","Aa","H",8,"restricted"
-15.19,16.7,"Aah14","Aa","H",6,"restricted"
-15.33,16.54,"Aah14","Aa","H",4,"restricted"
-15.81,16.05,"Aah14","Aa","H",2,"restricted"
-15.19,16.87,"Aah14","Aa","H",12,"restricted"
-15.6,16.51,"Aah14","Aa","H",10,"nonrestr"
-15.67,16.88,"Aah14","Aa","H",8,"restricted"
-15.29,15.89,"Aah14","Aa","H",6,"restricted"
-14.5,18.65,"Aah14","Aa","H",4,"restricted"
-15.89,14.08,"Aah14","Aa","H",2,"restricted"
-15.33,16.68,"Aah14","Aa","H",12,"restricted"
-15.62,14.69,"Aah14","Aa","H",10,"nonrestr"
-15.61,16.29,"Aah14","Aa","H",8,"restricted"
-16.33,16.16,"Aah9","Aa","H",12,"restricted"
-16.63,15.04,"Aah9","Aa","H",10,"nonrestr"
-15.98,15.79,"Aah9","Aa","H",8,"restricted"
-15.7,16.04,"Aah9","Aa","H",6,"restricted"
-15.09,17.3,"Aah9","Aa","H",4,"restricted"
-15.13,17.35,"Aah9","Aa","H",2,"restricted"
-14.71,17.78,"Aah9","Aa","H",12,"restricted"
-14.74,18.12,"Aah9","Aa","H",10,"nonrestr"
-14.73,18.06,"Aah9","Aa","H",8,"restricted"
-14.82,17.69,"Aah9","Aa","H",6,"restricted"
-14.9,17.75,"Aah9","Aa","H",4,"restricted"
-15.11,17.27,"Aah9","Aa","H",2,"restricted"
-15.12,17.05,"Aah9","Aa","H",12,"restricted"
-15.39,16.23,"Aah9","Aa","H",10,"nonrestr"
-15.34,16.61,"Aah9","Aa","H",8,"restricted"
-15.45,16.14,"Aah9","Aa","H",6,"restricted"
-15.21,17.01,"Aah9","Aa","H",4,"restricted"
-15.04,17.61,"Aah9","Aa","H",2,"restricted"
-14.9,18.51,"Aah9","Aa","H",12,"restricted"
-14.92,18.22,"Aah9","Aa","H",10,"nonrestr"
-14.88,18.26,"Aah9","Aa","H",8,"restricted"
-14.92,18.27,"Aah9","Aa","H",6,"restricted"
-15.26,17.61,"Aah9","Aa","H",4,"restricted"
-15.32,17.38,"Aah9","Aa","H",2,"restricted"
-15.52,17.21,"Aah9","Aa","H",12,"restricted"
-15.46,17.35,"Aah9","Aa","H",10,"nonrestr"
-15.47,17.49,"Aah9","Aa","H",8,"restricted"
-15.42,17.3,"Aah9","Aa","H",6,"restricted"
-15.41,17.36,"Aah9","Aa","H",4,"restricted"
-15.29,17.35,"Aah9","Aa","H",2,"restricted"
-15.18,17.53,"Aah9","Aa","H",12,"restricted"
-15.01,17.62,"Aah9","Aa","H",10,"nonrestr"
-14.95,18.26,"Aah9","Aa","H",8,"restricted"
-14.98,18.31,"Aah9","Aa","H",6,"restricted"
-15.08,18.55,"Aah9","Aa","H",4,"restricted"
-15.29,18.65,"Aah9","Aa","H",2,"restricted"
-15.4,18.64,"Aah9","Aa","H",12,"restricted"
-15.42,18.33,"Aah9","Aa","H",10,"nonrestr"
-15.2,18.37,"Aah9","Aa","H",8,"restricted"
-14.94,17.26,"Aah9","Aa","H",6,"restricted"
-14.84,18.64,"Aah9","Aa","H",4,"restricted"
-14.95,18.65,"Aah9","Aa","H",2,"restricted"
-14.9,18.2,"Aah9","Aa","H",12,"restricted"
-14.74,18.41,"Aah9","Aa","H",10,"nonrestr"
-14.8,19.9,"40209","Aa","M",2,"nonrestr"
-14.8,19.1,"40209","Aa","M",1,"nonrestr"
-14.6,19.3,"40209","Aa","M",12,"restricted"
-14.3,19.2,"40209","Aa","M",11,"restricted"
-14.2,19.4,"40209","Aa","M",10,"nonrestr"
-14.3,19.8,"40209","Aa","M",9,"nonrestr"
-14.3,19.9,"40209","Aa","M",8,"nonrestr"
-14.2,19.3,"40209","Aa","M",7,"nonrestr"
-14.2,19.3,"40209","Aa","M",6,"nonrestr"
-14.6,18.8,"40209","Aa","M",5,"nonrestr"
-14.7,20,"40209","Aa","M",4,"nonrestr"
-15.1,18.5,"40209","Aa","M",3,"nonrestr"
-14.7,19.2,"40209","Aa","M",2,"nonrestr"
-14.5,19.6,"40209","Aa","M",1,"nonrestr"
-14.4,19.1,"40209","Aa","M",12,"restricted"
-14.4,18.7,"40209","Aa","M",11,"restricted"
-15.6,18.5,"190509","Aa","M",5,"nonrestr"
-15.3,17.3,"190509","Aa","M",4,"nonrestr"
-16,14.9,"190509","Aa","M",3,"nonrestr"
-16,14.8,"190509","Aa","M",2,"nonrestr"
-16.3,13.5,"190509","Aa","M",1,"nonrestr"
-16.2,14,"190509","Aa","M",12,"restricted"
-16.6,12.7,"190509","Aa","M",11,"restricted"
-16.6,12.5,"190509","Aa","M",10,"nonrestr"
-16.6,12.7,"190509","Aa","M",9,"nonrestr"
-16.3,13.9,"190509","Aa","M",8,"nonrestr"
-15.8,16.3,"190509","Aa","M",7,"nonrestr"
-15.4,19.2,"190509","Aa","M",6,"nonrestr"
-15.3,19.7,"190509","Aa","M",5,"nonrestr"
-15.5,20.2,"190509","Aa","M",4,"nonrestr"
-15.6,20.2,"190509","Aa","M",3,"nonrestr"
-15.7,20.2,"190509","Aa","M",2,"nonrestr"
-15.7,20,"190509","Aa","M",1,"nonrestr"
-15.9,19.7,"190509","Aa","M",12,"restricted"
-15.9,19.5,"190509","Aa","M",11,"restricted"
-15.9,19.3,"190509","Aa","M",10,"nonrestr"
-15.9,19,"190509","Aa","M",9,"nonrestr"
-15.9,18.9,"190509","Aa","M",8,"nonrestr"
-16,18.9,"190509","Aa","M",6,"nonrestr"
-16,18.7,"190509","Aa","M",5,"nonrestr"
-16,18.8,"190509","Aa","M",4,"nonrestr"
-15.9,18.8,"190509","Aa","M",3,"nonrestr"
-13.8,18.4,"190509","Aa","M",2,"nonrestr"
-15.9,18.7,"190509","Aa","M",1,"nonrestr"
-15.9,18.9,"190509","Aa","M",12,"restricted"
-16.1,18.9,"190509","Aa","M",11,"restricted"
-16,18.9,"190509","Aa","M",10,"nonrestr"
-16.1,18.6,"190509","Aa","M",9,"nonrestr"
-16.4,18.3,"190509","Aa","M",8,"nonrestr"
-16,19,"190509","Aa","M",7,"nonrestr"
-16,18.6,"190509","Aa","M",6,"nonrestr"
-15.8,18.7,"190509","Aa","M",5,"nonrestr"
-15.8,18.6,"190509","Aa","M",4,"nonrestr"
-15.6,18.7,"190509","Aa","M",3,"nonrestr"
-15.4,18.2,"190509","Aa","M",2,"nonrestr"
-15.3,17.2,"190509","Aa","M",1,"nonrestr"
-15.6,16.5,"190509","Aa","M",12,"restricted"
-15.8,16.3,"190509","Aa","M",11,"restricted"
-15.6,16.2,"190509","Aa","M",10,"nonrestr"
-15.9,15.9,"270709","Aa","M",7,"nonrestr"
-16.2,14.8,"270709","Aa","M",6,"nonrestr"
-16.4,14.5,"270709","Aa","M",5,"nonrestr"
-15.9,15.1,"270709","Aa","M",4,"nonrestr"
-15.3,16.3,"270709","Aa","M",3,"nonrestr"
-15.1,17.1,"270709","Aa","M",2,"nonrestr"
-16.1,16,"270709","Aa","M",1,"nonrestr"
-16,15.6,"270709","Aa","M",12,"restricted"
-15.8,15.9,"270709","Aa","M",11,"restricted"
-15.7,15.9,"270709","Aa","M",10,"nonrestr"
-15.7,15.6,"270709","Aa","M",9,"nonrestr"
-15.6,16.2,"270709","Aa","M",8,"nonrestr"
-17.9,15.9,"270709","Aa","M",7,"nonrestr"
-15.9,16,"270709","Aa","M",6,"nonrestr"
-15.8,16.1,"270709","Aa","M",5,"nonrestr"
-16.1,14.9,"270709","Aa","M",4,"nonrestr"
-14.9,17.3,"270709","Aa","M",3,"nonrestr"
-15.1,16.9,"270709","Aa","M",2,"nonrestr"
-15.4,16.2,"270709","Aa","M",1,"nonrestr"
-15.6,15,"270709","Aa","M",12,"restricted"
-15.5,15.2,"270709","Aa","M",11,"restricted"
-15.5,15.1,"270709","Aa","M",10,"nonrestr"
-15.6,14.7,"270709","Aa","M",9,"nonrestr"
-15.3,15.3,"270709","Aa","M",8,"nonrestr"
-14.6,17,"270709","Aa","M",7,"nonrestr"
-14.7,17.1,"270709","Aa","M",6,"nonrestr"
-15.9,15.5,"270709","Aa","M",5,"nonrestr"
-15.4,15.8,"270709","Aa","M",4,"nonrestr"
-15.3,15.9,"270709","Aa","M",3,"nonrestr"
-16,15,"270709","Aa","M",2,"nonrestr"
-16.1,14.7,"270709","Aa","M",1,"nonrestr"
-15.4,16.6,"270709","Aa","M",12,"restricted"
-15.05,18.69,"Aam1","Aa","M",11,"restricted"
-14.86,18.09,"Aam1","Aa","M",9,"nonrestr"
-14.66,18.53,"Aam1","Aa","M",7,"nonrestr"
-14.4,18.66,"Aam1","Aa","M",5,"nonrestr"
-14.85,18.19,"Aam1","Aa","M",3,"nonrestr"
-15.41,17.88,"Aam1","Aa","M",1,"nonrestr"
-15.26,17.6,"Aam1","Aa","M",11,"restricted"
-15.4,17.12,"Aam1","Aa","M",9,"nonrestr"
-15.55,16.86,"Aam1","Aa","M",7,"nonrestr"
-15.06,17.49,"Aam1","Aa","M",5,"nonrestr"
-15.55,16.7,"Aam1","Aa","M",3,"nonrestr"
-14.86,17.56,"Aam1","Aa","M",1,"nonrestr"
-14.8,17.78,"Aam1","Aa","M",11,"restricted"
-14.57,18.41,"Aam1","Aa","M",9,"nonrestr"
-14.98,18.05,"Aam1","Aa","M",7,"nonrestr"
-15.32,17.91,"Aam1","Aa","M",5,"nonrestr"
-15.19,18.18,"Aam1","Aa","M",3,"nonrestr"
-15.36,17.48,"Aam1","Aa","M",1,"nonrestr"
-14.88,20.65,"Aam10","Aa","M",12,"restricted"
-14.9,20.62,"Aam10","Aa","M",10,"nonrestr"
-14.59,20.96,"Aam10","Aa","M",8,"nonrestr"
-14.53,19.77,"Aam10","Aa","M",6,"nonrestr"
-14.43,20.61,"Aam10","Aa","M",4,"nonrestr"
-14.43,20.41,"Aam10","Aa","M",2,"nonrestr"
-14.76,21.2,"Aam10","Aa","M",12,"restricted"
-14.91,20.24,"Aam10","Aa","M",10,"nonrestr"
-15.31,19.7,"Aam10","Aa","M",8,"nonrestr"
-14.99,21.14,"Aam10","Aa","M",6,"nonrestr"
-14.55,20.85,"Aam10","Aa","M",4,"nonrestr"
-14.44,20.54,"Aam10","Aa","M",2,"nonrestr"
-14.36,20.32,"Aam10","Aa","M",12,"restricted"
-14.73,19.29,"Aam10","Aa","M",10,"nonrestr"
-14.42,20.88,"Aam10","Aa","M",8,"nonrestr"
-14.36,19.91,"Aam10","Aa","M",6,"nonrestr"
-14.6,19.58,"Aam10","Aa","M",4,"nonrestr"
-14.55,20.24,"Aam10","Aa","M",2,"nonrestr"
-15.05,19.96,"Aam10","Aa","M",12,"restricted"
-15.08,19.53,"Aam10","Aa","M",10,"nonrestr"
-14.29,21,"Aam10","Aa","M",8,"nonrestr"
-14.4,20.49,"Aam10","Aa","M",6,"nonrestr"
-14.64,20.49,"Aam10","Aa","M",4,"nonrestr"
-14.88,20.67,"Aam10","Aa","M",2,"nonrestr"
-14.04,19.29,"Aam11","Aa","M",11,"restricted"
-13.86,20.08,"Aam11","Aa","M",9,"nonrestr"
-14.31,20.35,"Aam11","Aa","M",7,"nonrestr"
-13.99,20.06,"Aam11","Aa","M",5,"nonrestr"
-14.43,20.19,"Aam11","Aa","M",3,"nonrestr"
-14.08,19.44,"Aam11","Aa","M",1,"nonrestr"
-13.8,20.12,"Aam11","Aa","M",11,"restricted"
-13.8,20.5,"Aam11","Aa","M",9,"nonrestr"
-14.23,19.8,"Aam11","Aa","M",7,"nonrestr"
-14.06,20.04,"Aam11","Aa","M",5,"nonrestr"
-14.45,20.7,"Aam12","Aa","M",12,"restricted"
-14.54,20.29,"Aam12","Aa","M",10,"nonrestr"
-14.53,20.19,"Aam12","Aa","M",8,"nonrestr"
-14.11,20.6,"Aam12","Aa","M",6,"nonrestr"
-13.98,20.94,"Aam12","Aa","M",4,"nonrestr"
-14.15,20.48,"Aam12","Aa","M",2,"nonrestr"
-13.82,20.97,"Aam12","Aa","M",12,"restricted"
-14.27,19.97,"Aam12","Aa","M",10,"nonrestr"
-14.43,20.2,"Aam12","Aa","M",8,"nonrestr"
-14.35,20.84,"Aam12","Aa","M",6,"nonrestr"
-14.81,20.15,"Aam12","Aa","M",4,"nonrestr"
-14.81,20.4,"Aam12","Aa","M",2,"nonrestr"
-14.51,20.56,"Aam12","Aa","M",12,"restricted"
-14.5,20.3,"Aam12","Aa","M",10,"nonrestr"
-14.5,20.91,"Aam12","Aa","M",8,"nonrestr"
-14.91,20.54,"Aam12","Aa","M",6,"nonrestr"
-15.04,19.77,"Aam12","Aa","M",4,"nonrestr"
-14.88,20.03,"Aam12","Aa","M",2,"nonrestr"
-15.18,19.99,"Aam12","Aa","M",12,"restricted"
-15.39,20.62,"Aam12","Aa","M",10,"nonrestr"
-15.34,20.16,"Aam12","Aa","M",8,"nonrestr"
-15.11,18.7,"Aam17","Aa","M",11,"restricted"
-14.21,18.96,"Aam17","Aa","M",9,"nonrestr"
-14.39,18.58,"Aam17","Aa","M",7,"nonrestr"
-14.41,18.3,"Aam17","Aa","M",5,"nonrestr"
-14.5,17.93,"Aam17","Aa","M",3,"nonrestr"
-14.27,17.54,"Aam17","Aa","M",1,"nonrestr"
-14.35,18.86,"Aam17","Aa","M",11,"restricted"
-14.73,18.16,"Aam17","Aa","M",9,"nonrestr"
-14.48,17.87,"Aam17","Aa","M",7,"nonrestr"
-14.46,17.58,"Aam17","Aa","M",5,"nonrestr"
-13.73,17.56,"Aam17","Aa","M",3,"nonrestr"
-14.32,18.7,"Aam17","Aa","M",1,"nonrestr"
-14.39,18.71,"Aam17","Aa","M",11,"restricted"
-13.85,18.82,"Aam17","Aa","M",9,"nonrestr"
-14.91,17.44,"Aam17","Aa","M",7,"nonrestr"
-15.08,17.41,"Aam17","Aa","M",5,"nonrestr"
-14.51,18.7,"Aam17","Aa","M",3,"nonrestr"
-14.03,19.11,"Aam17","Aa","M",1,"nonrestr"
-15.3,16.71,"Aam2","Aa","M",11,"restricted"
-15.21,17.14,"Aam2","Aa","M",9,"nonrestr"
-15.6,16.71,"Aam2","Aa","M",7,"nonrestr"
-15.47,16.62,"Aam2","Aa","M",5,"nonrestr"
-15.38,16.25,"Aam2","Aa","M",3,"nonrestr"
-15.33,16.27,"Aam2","Aa","M",1,"nonrestr"
-15.59,14.83,"Aam2","Aa","M",11,"restricted"
-15.53,15.85,"Aam2","Aa","M",9,"nonrestr"
-15.6,17.29,"Aam2","Aa","M",7,"nonrestr"
-15.47,16.79,"Aam2","Aa","M",5,"nonrestr"
-15.45,16.19,"Aam2","Aa","M",3,"nonrestr"
-15.32,16.01,"Aam2","Aa","M",1,"nonrestr"
-15.72,14.27,"Aam2","Aa","M",11,"restricted"
-14.95,16.98,"Aam2","Aa","M",9,"nonrestr"
-14.77,17.83,"Aam2","Aa","M",7,"nonrestr"
-14.35,18.1,"Aam2","Aa","M",5,"nonrestr"
-14.26,17.4,"Aam2","Aa","M",3,"nonrestr"
-15,15.89,"Aam2","Aa","M",1,"nonrestr"
-14.43,16.5,"Aam2","Aa","M",11,"restricted"
-14.35,16.77,"Aam2","Aa","M",9,"nonrestr"
-14.78,15.98,"Aam2","Aa","M",7,"nonrestr"
-14.92,18.67,"Aam3","Aa","M",11,"restricted"
-15.08,18.01,"Aam3","Aa","M",9,"nonrestr"
-14.6,18.86,"Aam3","Aa","M",7,"nonrestr"
-14.79,18.68,"Aam3","Aa","M",5,"nonrestr"
-15.09,17.61,"Aam3","Aa","M",3,"nonrestr"
-15.39,16.98,"Aam3","Aa","M",1,"nonrestr"
-15.17,16.66,"Aam3","Aa","M",11,"restricted"
-14.81,17.37,"Aam3","Aa","M",9,"nonrestr"
-14.87,17.24,"Aam3","Aa","M",7,"nonrestr"
-14.85,17.71,"Aam3","Aa","M",5,"nonrestr"
-15.08,17.36,"Aam3","Aa","M",3,"nonrestr"
-15.32,17.55,"Aam3","Aa","M",1,"nonrestr"
-15.22,17.92,"Aam3","Aa","M",11,"restricted"
-15.49,16.98,"Aam3","Aa","M",9,"nonrestr"
-15.28,17.45,"Aam3","Aa","M",7,"nonrestr"
-15,17.77,"Aam3","Aa","M",5,"nonrestr"
-14.52,18.35,"Aam3","Aa","M",3,"nonrestr"
-14.99,17.85,"Aam3","Aa","M",1,"nonrestr"
-15.64,17.41,"Aam3","Aa","M",11,"restricted"
-14.89,17.62,"Aam3","Aa","M",9,"nonrestr"
-14.31,18.64,"Aam3","Aa","M",7,"nonrestr"
-14.49,17.67,"Aam3","Aa","M",5,"nonrestr"
-14.51,18.05,"Aam3","Aa","M",3,"nonrestr"
-14.3,21.33,"Aam4","Aa","M",12,"restricted"
-13.99,20.29,"Aam4","Aa","M",10,"nonrestr"
-13.79,20.22,"Aam4","Aa","M",8,"nonrestr"
-13.86,19.8,"Aam4","Aa","M",6,"nonrestr"
-13.97,20.01,"Aam4","Aa","M",4,"nonrestr"
-14.01,20.07,"Aam4","Aa","M",2,"nonrestr"
-13.9,21.16,"Aam4","Aa","M",12,"restricted"
-13.83,20.4,"Aam4","Aa","M",10,"nonrestr"
-13.74,20.25,"Aam4","Aa","M",8,"nonrestr"
-13.66,20.19,"Aam4","Aa","M",6,"nonrestr"
-13.53,20.19,"Aam4","Aa","M",4,"nonrestr"
-13.59,20.46,"Aam4","Aa","M",2,"nonrestr"
-13.51,21.1,"Aam4","Aa","M",12,"restricted"
-13.34,20.14,"Aam4","Aa","M",10,"nonrestr"
-14,19.1,"Aam5","Aa","M",12,"restricted"
-14.78,18.73,"Aam5","Aa","M",10,"nonrestr"
-14.62,19.01,"Aam5","Aa","M",8,"nonrestr"
-14.03,19.82,"Aam5","Aa","M",6,"nonrestr"
-13.41,20.02,"Aam5","Aa","M",4,"nonrestr"
-13.46,20.13,"Aam5","Aa","M",2,"nonrestr"
-13.89,20.49,"Aam5","Aa","M",12,"restricted"
-14.64,19.12,"Aam5","Aa","M",10,"nonrestr"
-13.73,19.98,"Aam5","Aa","M",8,"nonrestr"
-13.58,20.02,"Aam5","Aa","M",6,"nonrestr"
-13.7,19.8,"Aam5","Aa","M",4,"nonrestr"
-13.85,20.12,"Aam5","Aa","M",2,"nonrestr"
-13.93,19.75,"Aam5","Aa","M",12,"restricted"
-14.13,19.53,"Aam5","Aa","M",10,"nonrestr"
-13.85,19.51,"Aam5","Aa","M",8,"nonrestr"
-13.73,19.35,"Aam5","Aa","M",6,"nonrestr"
-14.05,19.98,"Aam5","Aa","M",4,"nonrestr"
-14.5,18.62,"Aam6","Aa","M",11,"restricted"
-14.96,18.51,"Aam6","Aa","M",9,"nonrestr"
-15.55,17.45,"Aam6","Aa","M",7,"nonrestr"
-14.63,18.49,"Aam6","Aa","M",5,"nonrestr"
-14.18,19.1,"Aam6","Aa","M",3,"nonrestr"
-14.32,19.59,"Aam6","Aa","M",1,"nonrestr"
-14.37,19.5,"Aam6","Aa","M",11,"restricted"
-14.16,19.75,"Aam6","Aa","M",9,"nonrestr"
-14.11,18.72,"Aam6","Aa","M",7,"nonrestr"
-14.09,18.79,"Aam6","Aa","M",5,"nonrestr"
-14.85,19.11,"Aam6","Aa","M",3,"nonrestr"
-14.4,19.25,"Aam6","Aa","M",1,"nonrestr"
-13.6,20.58,"Aam6","Aa","M",11,"restricted"
-14.05,20.49,"Aam6","Aa","M",9,"nonrestr"
-14.06,20.44,"Aam6","Aa","M",7,"nonrestr"
-14.11,19.82,"Aam6","Aa","M",5,"nonrestr"
-14.34,19.67,"Aam6","Aa","M",3,"nonrestr"
-14.23,18.57,"Aam6","Aa","M",1,"nonrestr"
-14.69,18.86,"Aam6","Aa","M",11,"restricted"
-14.57,19.4,"Aam6","Aa","M",9,"nonrestr"
-14.53,19.96,"Aam6","Aa","M",7,"nonrestr"
-14.67,20.2,"Aam6","Aa","M",5,"nonrestr"
-14.47,19.64,"Aam6","Aa","M",3,"nonrestr"
-14.92,18.7,"Aam6","Aa","M",1,"nonrestr"
-14.99,18.43,"Aam6","Aa","M",11,"restricted"
-14.7,17.46,"Aam6","Aa","M",9,"nonrestr"
-14.81,19.37,"Aam6","Aa","M",7,"nonrestr"
-14.66,20.07,"Aam6","Aa","M",5,"nonrestr"
-14.97,20.08,"Aam6","Aa","M",3,"nonrestr"
-14.95,19.33,"Aam6","Aa","M",1,"nonrestr"
-14.54,19.72,"Aam6","Aa","M",11,"restricted"
-14.6,20.22,"Aam7","Aa","M",12,"restricted"
-14.65,20.44,"Aam7","Aa","M",10,"nonrestr"
-14.55,20.19,"Aam7","Aa","M",8,"nonrestr"
-14.35,19.47,"Aam7","Aa","M",6,"nonrestr"
-14.72,19.55,"Aam7","Aa","M",4,"nonrestr"
-14.96,18.15,"Aam7","Aa","M",2,"nonrestr"
-15.24,18.99,"Aam7","Aa","M",12,"restricted"
-14.52,19.95,"Aam7","Aa","M",10,"nonrestr"
-14.5,19.39,"Aam7","Aa","M",8,"nonrestr"
-14.3,19.27,"Aam7","Aa","M",6,"nonrestr"
-14.36,20.92,"Aam7","Aa","M",4,"nonrestr"
-13.9,20.71,"Aam7","Aa","M",2,"nonrestr"
-13.39,21.14,"Aam7","Aa","M",12,"restricted"
-13.98,20.45,"Aam7","Aa","M",10,"nonrestr"
-14.42,19.71,"Aam7","Aa","M",8,"nonrestr"
-14.52,20.22,"Aam7","Aa","M",6,"nonrestr"
-14.58,20.14,"Aam7","Aa","M",4,"nonrestr"
-14.83,20,"Aam7","Aa","M",2,"nonrestr"
-14.67,19.65,"Aam7","Aa","M",12,"restricted"
-14.69,20.69,"Aam7","Aa","M",10,"nonrestr"
-14.83,20.1,"Aam7","Aa","M",8,"nonrestr"
-15.89,19.75,"Aam7","Aa","M",6,"nonrestr"
-15.7,19.8,"Aam7","Aa","M",4,"nonrestr"
-14.35,20.23,"Aam8","Aa","M",7,"nonrestr"
-14.33,19.85,"Aam8","Aa","M",5,"nonrestr"
-14.88,17.54,"Aam8","Aa","M",3,"nonrestr"
-14.09,18.96,"Aam8","Aa","M",1,"nonrestr"
-14.44,19.06,"Aam8","Aa","M",11,"restricted"
-14.58,18.72,"Aam8","Aa","M",9,"nonrestr"
-14.62,19.11,"Aam8","Aa","M",7,"nonrestr"
-15.42,16.12,"Aam8","Aa","M",5,"nonrestr"
-14.93,19.42,"Aam8","Aa","M",3,"nonrestr"
-15.04,19.46,"Aam8","Aa","M",1,"nonrestr"
-15.06,19.58,"Aam8","Aa","M",11,"restricted"
-14.96,18.28,"Aam8","Aa","M",9,"nonrestr"
-14.98,18.89,"Aam8","Aa","M",7,"nonrestr"
-14.8,18.51,"Aam8","Aa","M",5,"nonrestr"
-14.51,20.67,"Aam9","Aa","M",9,"nonrestr"
-14.07,19.87,"Aam9","Aa","M",7,"nonrestr"
-14.69,18.61,"Aam9","Aa","M",5,"nonrestr"
-14.46,18.965,"Aam9","Aa","M",3,"nonrestr"
-14.23,19.32,"Aam9","Aa","M",1,"nonrestr"
-14.44,18.73,"Aam9","Aa","M",11,"restricted"
-14.45,19.02,"Aam9","Aa","M",9,"nonrestr"
-15.44,17.2,"Aam9","Aa","M",7,"nonrestr"
-13.89,20.84,"Aam9","Aa","M",5,"nonrestr"
-14.34,20.25,"Aam9","Aa","M",3,"nonrestr"
-15.83,17.16,"Aam9","Aa","M",1,"nonrestr"
-15.56,16.66,"Aam9","Aa","M",11,"restricted"
-14.97,18.88,"Aam9","Aa","M",9,"nonrestr"
-14.88,18.86,"Aam9","Aa","M",7,"nonrestr"
-15.5,17.85,"Aam9","Aa","M",5,"nonrestr"
