"species","location","date_collected","noindiv","drymass","bodyl","d13c","d15n"
"Notonecta","DC108_1","7/15/2015",17,0.033529412,1.222,-34.51,3.33
"Buenoa","DC108_1","7/15/2015",15,0.036,1.255,-34.78,3.92
"Buenoa","DC108_1","7/15/2015",14,0.040714286,1.286,-34.63,2.77
"Buenoa","DC108_1","7/15/2015",13,0.069230769,1.299,-35.17,2.83
"Buenoa","DC108_1","7/15/2015",8,0.1575,1.328,-35.45,2.73
"Buenoa","DC108_1","7/15/2015",17,0.044117647,1.403,-35.2,3.22
"Buenoa","DC108_1","7/15/2015",12,0.045833333,1.403,-35.44,3.26
"Buenoa","DC108_1","7/15/2015",8,0.05875,1.431,-35.43,3.15
"Buenoa","DC108_1","7/15/2015",7,0.071428571,1.524,-35.48,2.76
"Buenoa","DC108_1","7/15/2015",7,0.102857143,1.541,-35.08,3.24
"Buenoa","DC108_1","7/15/2015",7,0.097142857,1.554,-35.09,3.32
"Notonecta","DC108_1","7/15/2015",6,0.1,1.589,-35.99,3.56
"Buenoa","DC108_1","7/15/2015",8,0.09875,1.653,-35.57,2.73
"Buenoa","DC108_1","7/15/2015",6,0.111666667,1.661,-36.46,2.6
"Notonecta","DC108_1","7/15/2015",15,0.05,1.686,-35.45,2.89
"Notonecta","DC108_1","7/15/2015",4,0.1275,1.716,-36.27,2.88
"Buenoa","DC108_1","7/15/2015",6,0.11,1.736,-35.86,2.79
"Notonecta","DC108_1","7/15/2015",6,0.098333333,1.831,-33.7,3.68
"Buenoa","DC108_1","7/15/2015",3,0.17,1.959,-35.85,2.76
"Buenoa","DC108_1","7/15/2015",18,0.016666667,14.28,-35.28,2.97
"Notonecta","DC108_1","7/15/2015",3,0.21,2.016,-33.91,2.68
"Buenoa","DC108_1","7/15/2015",3,0.236666667,2.066,-36.55,2.54
"Buenoa","DC108_1","7/15/2015",3,0.196666667,2.073,-35.19,3.13
"Buenoa","DC108_1","7/15/2015",3,0.28,2.099,-36.36,3.04
"Buenoa","DC108_1","7/15/2015",3,0.223333333,2.17,-35.91,2.82
"Buenoa","DC108_1","7/15/2015",3,0.253333333,2.222,-35.94,2.69
"Buenoa","DC108_1","7/15/2015",3,0.246666667,2.247,-36.47,2.96
"Buenoa","DC108_1","7/15/2015",3,0.216666667,2.278,-36.16,2.5
"Notonecta","DC108_1","7/15/2015",3,0.23,2.279,-36.76,2.58
"Buenoa","DC108_1","7/15/2015",3,0.26,2.292,-35.23,2.83
"Buenoa","DC108_1","7/15/2015",3,0.33,2.412,-36.66,2.26
"Buenoa","DC108_1","7/15/2015",3,0.293333333,2.435,-35.4,2.54
"Notonecta","DC108_1","7/15/2015",3,0.293333333,2.519,-30.63,2.52
"Buenoa","DC108_1","7/15/2015",3,0.316666667,2.59,-36.14,2.78
"Cybister","DC108_1","5/20/2015",3,2.533333333,3.224,-31.89,2.88
"Notonecta","DC108_1","7/15/2015",3,0.8,3.237,-31.06,2.94
"Acris","DC108_1","7/15/2015",3,0.5,3.553,-29.09,2.55
"Acris","DC108_1","7/15/2015",3,0.4,3.622,-27.82,3.27
"Buenoa","DC108_1","7/15/2015",3,2.35333333333333,5.502,-35.74,3.57
"Rana.sphenocephala","DC108_1","06/10/2015",3,25.1,5.828,-34.21,2.2
"Acris","DC108_1","7/15/2015",4,0.35,301.625,-27.17,3.58
"Acris","DC108_1","7/15/2015",2,0.5,36.375,-28.72,2.78
"Acris","DC108_1","7/15/2015",2,0.5,3.889,-28.16,1.66
"Acris","DC108_1","7/15/2015",3,0.5,3.216,-27.05,3.92
"Acris","DC108_1","7/15/2015",3,0.533333333,4.187,-30.38,1.77
"Acris","DC108_1","7/15/2015",2,0.6,3.221,-26.51,4.08
"Acris","DC108_1","7/15/2015",2,0.6,37.585,-27.76,3.06
"Acris","DC108_1","7/15/2015",2,0.7,28.985,-26.85,4.04
"Acris","DC108_1","7/15/2015",2,0.7,4.042,-28.58,1.83
"Acris","DC108_1","7/15/2015",1,0.8,4.333,-29.69,1.76
"Acris","DC108_1","7/15/2015",2,0.8,3.506,-28.85,2.79
"Acris","DC108_1","7/15/2015",2,0.8,4.106,-29.92,2.08
"Acris","DC108_1","7/15/2015",1,0.9,3.891,-29.6,1.75
"Acris","DC108_1","7/15/2015",2,0.9,35.815,-28.61,2.99
"Acris","DC108_1","7/15/2015",1,1,4.276,-30.43,2.28
"Acris","DC108_1","7/15/2015",1,1,4.322,-29.27,2.62
"Acris","DC108_1","7/15/2015",1,1.1,3.841,-29.63,2.91
"Acris","DC108_1","7/15/2015",1,1.1,4.414,-31.04,2.92
"Acris","DC108_1","7/15/2015",1,1.1,4.577,-28.71,2.63
"Acris","DC108_1","7/15/2015",1,1.1,4.799,-29.35,2.1
"Acris","DC108_1","7/15/2015",1,1.1,4.869,-29.43,1.99
"Acris","DC108_1","7/15/2015",1,1.2,4.876,-28.03,1.76
"Acris","DC108_1","7/15/2015",1,1.2,5.217,-29.46,2.06
"Acris","DC108_1","7/15/2015",1,1.4,4.273,-32.05,2.49
"Acris","DC108_1","7/15/2015",1,1.4,4.468,-28.37,2.12
"Acris","DC108_1","7/15/2015",1,1.4,4.504,-27.62,2.53
"Acris","DC108_1","7/15/2015",2,1.4,4.126,-29.21,2.44
"Acris","DC108_1","7/15/2015",1,1.5,4.735,-29.68,2.58
"Acris","DC108_1","7/15/2015",1,1.5,5.135,-27.98,1.86
"Acris","DC108_1","7/15/2015",1,1.8,5.007,-29.55,2.07
"Acris","DC108_1","7/15/2015",2,2.3,58.235,-29.42,2.09
"Acris","DC108_1","7/15/2015",2,2.55,49.095,-30.7,1.93
"Acris","DC108_1","7/15/2015",2,2.6,5.743,-32.15,1.93
"Acris","DC108_1","7/15/2015",1,2.7,5.993,-30.38,1.58
"Acris","DC108_1","7/15/2015",2,2.95,62.695,-29.11,1.19
"Acris","DC108_1","7/15/2015",2,3.05,65.865,-30.12,1.97
"Acris","DC108_1","7/15/2015",1,4.5,6.44,-31.37,1.37
"Acris","DC108_1","7/15/2015",1,5,6.498,-28.57,1.74
"Acris","DC108_1","7/15/2015",1,6.6,7.556,-31.56,1.57
"Acris","DC108_1","7/15/2015",1,6.7,7.871,-30.47,1.66
"Acris","DC108_1","7/15/2015",1,7.3,7.115,-30.93,2.04
"Acris","DC108_1","7/15/2015",1,7.4,7.612,-34.52,2.14
"Acris","DC108_1","7/15/2015",1,8.5,8.07,-31.79,1.84
"Acris","DC108_1","7/15/2015",1,8.9,8.324,-29.38,1.23
"Acris","DC108_1","7/15/2015",1,10,9.133,-29.49,1.12
"Acris","DC108_1","7/15/2015",1,10.4,8.654,-30.94,1.23
"Acris","DC108_1","7/15/2015",1,11.1,9.309,-31.96,1.85
"Acris","DC108_1","7/15/2015",1,11.8,8.531,-31.99,1.8
"Acris","DC108_1","7/15/2015",1,12.8,9.905,-31.38,1.86
"Acris","DC108_1","7/15/2015",1,14.2,9.42,-31.53,1.35
"Acris","DC108_1","7/15/2015",1,14.6,9.507,-32.56,1.53
"Acris","DC108_1","7/15/2015",1,17.5,10.431,-31.22,1.49
"Acris","DC108_1","7/15/2015",1,19.4,9.966,-30.86,1.92
"Acris","DC108_1","7/15/2015",1,20.5,10.29,-33.41,1.3
"Acris","DC108_1","7/15/2015",1,21,10.427,-31.58,1.62
"Acris","DC108_1","7/15/2015",1,22.3,11.325,-31.31,0.92
"Acris","DC108_1","7/15/2015",1,22.3,11.641,-29.35,1.31
"Acris","DC108_1","7/15/2015",1,23.5,11.599,-31.44,1.96
"Acris","DC108_1","7/15/2015",1,24.5,10.07,-31.51,1.7
"Acris","DC108_1","7/15/2015",1,25.4,12.247,-31.98,1.77
"Acris","DC108_1","7/15/2015",1,28.2,10.419,-30.76,1.33
"Acris","DC108_1","7/15/2015",1,28.6,10.709,-30.28,2.18
"Acris","DC108_1","7/15/2015",1,28.7,10.578,-30.02,1.49
"Acris","DC108_1","7/15/2015",1,29.6,11.816,-30.83,2.15
"Acris","DC108_1","7/15/2015",1,31.9,11.43,-31.54,1.74
"Acris","DC108_1","7/15/2015",1,32.9,11.73,-28.98,0.94
"Acris","DC108_1","7/15/2015",1,37.1,11.872,-30.46,1.78
"Acris","DC108_1","7/15/2015",1,37.3,12.044,-31.37,1.5
"Acris","DC108_1","7/15/2015",1,38.4,12.45,-31.1,1.27
"Acris","DC108_1","7/15/2015",1,38.7,12.439,-32.63,1.34
"Acris","DC108_1","7/15/2015",1,39.1,12.147,-29.09,1.38
"Belostoma","DC108_1","09/09/2015",1,0.5,4.46,-31.61,3.27
"Belostoma","DC108_1","9/16/2015",1,0.5,4.514,-35.11,2.44
"Belostoma","DC108_1","09/09/2015",1,0.5,4.653,-31.68,2.28
"Belostoma","DC108_1","09/09/2015",1,0.6,4.208,-31.78,3.88
"Belostoma","DC108_1","09/09/2015",1,0.6,4.725,-32.21,2.78
"Belostoma","DC108_1","9/16/2015",1,0.7,4.231,-34.02,2.45
"Belostoma","DC108_1","9/16/2015",1,0.7,4.48,-32.83,2.53
"Belostoma","DC108_1","9/16/2015",1,0.7,4.649,-31.77,2.89
"Belostoma","DC108_1","9/16/2015",1,1,4.509,-33.25,2.43
"Belostoma","DC108_1","09/09/2015",1,1,4.58,-32.67,1.84
"Belostoma","DC108_1","9/16/2015",1,1.1,7.112,-34.04,2.3
"Belostoma","DC108_1","9/16/2015",1,1.3,6.788,-33.34,2.43
"Belostoma","DC108_1","9/16/2015",1,1.3,6.997,-33.18,1.92
"Belostoma","DC108_1","09/09/2015",1,1.3,8.493,-33.99,2.02
"Belostoma","DC108_1","9/16/2015",1,1.4,5.903,-32.22,2.58
"Belostoma","DC108_1","9/16/2015",1,1.4,6.237,-32.97,1.95
"Belostoma","DC108_1","9/16/2015",1,1.4,6.368,-33.19,1.79
"Belostoma","DC108_1","9/16/2015",1,1.4,6.415,-32.83,1.94
"Belostoma","DC108_1","9/16/2015",1,1.5,6.29,-32.69,1.39
"Belostoma","DC108_1","9/16/2015",1,1.5,6.433,-36.03,2.78
"Belostoma","DC108_1","09/09/2015",1,1.6,6.104,-32.69,2.02
"Belostoma","DC108_1","9/16/2015",1,1.6,7.31,-33.47,2.29
"Belostoma","DC108_1","09/09/2015",1,1.7,6.409,-32.7,1.28
"Belostoma","DC108_1","9/16/2015",1,1.9,9.708,-35.28,1.85
"Belostoma","DC108_1","9/16/2015",1,2,6.459,-34.47,2.79
"Belostoma","DC108_1","9/16/2015",1,2,6.954,-34.21,1.92
"Belostoma","DC108_1","09/09/2015",1,2.1,6.487,-34.99,2.15
"Belostoma","DC108_1","9/16/2015",1,2.4,7.369,-33.47,1.71
"Belostoma","DC108_1","9/16/2015",1,2.5,6.415,-34.36,2.62
"Belostoma","DC108_1","09/09/2015",1,2.6,8.268,-32.01,2.88
"Belostoma","DC108_1","9/16/2015",1,2.6,10.266,-34.05,2.73
"Belostoma","DC108_1","09/09/2015",1,2.7,8.989,-34.35,4.03
"Belostoma","DC108_1","09/09/2015",1,2.8,7.936,-33.4,2.25
"Belostoma","DC108_1","09/09/2015",1,3,8.416,-35.07,1.7
"Belostoma","DC108_1","09/09/2015",1,3,8.733,-34.29,3.68
"Belostoma","DC108_1","09/09/2015",1,3.4,9.07,-32.9,1.28
"Belostoma","DC108_1","9/16/2015",1,3.6,13.612,-37.37,1.62
"Belostoma","DC108_1","9/16/2015",1,3.7,9.682,-34.77,1.3
"Belostoma","DC108_1","9/16/2015",1,3.7,9.751,-31.89,2
"Belostoma","DC108_1","09/09/2015",1,3.8,8.626,-33.7,2.45
"Belostoma","DC108_1","9/16/2015",1,4.1,9.873,-34.13,2.01
"Belostoma","DC108_1","9/16/2015",1,4.1,10.6,-36.05,1.6
"Belostoma","DC108_1","09/09/2015",1,4.4,8.326,-33.72,1.92
"Belostoma","DC108_1","9/16/2015",1,4.4,9.682,-35.56,1.75
"Belostoma","DC108_1","9/16/2015",1,4.4,10.03,-35.19,1.25
"Belostoma","DC108_1","9/16/2015",1,4.6,9.972,-36.43,2.13
"Belostoma","DC108_1","09/09/2015",1,4.7,8.497,-34.66,2.1
"Belostoma","DC108_1","9/16/2015",1,4.7,9.466,-33.85,2.14
"Belostoma","DC108_1","9/16/2015",1,4.7,9.751,-35.96,1.63
"Belostoma","DC108_1","09/09/2015",1,4.9,8.738,-33.78,0.53
"Belostoma","DC108_1","09/09/2015",1,5.1,8.918,-32.95,2.2
"Belostoma","DC108_1","9/16/2015",1,5.2,9.912,-35.88,1.94
"Belostoma","DC108_1","09/09/2015",1,5.5,8.859,-33.37,1.92
"Belostoma","DC108_1","09/09/2015",1,5.5,9.027,-33.38,2.28
"Belostoma","DC108_1","09/09/2015",1,5.8,11.041,-33.77,2.41
"Belostoma","DC108_1","09/09/2015",1,5.9,8.021,-33.8,1.78
"Belostoma","DC108_1","9/16/2015",1,5.9,10.102,-35.45,1.36
"Belostoma","DC108_1","9/16/2015",1,6.1,13.778,-36.61,1.82
"Belostoma","DC108_1","09/09/2015",1,6.2,11.59,-33.19,2.63
"Belostoma","DC108_1","9/16/2015",1,6.4,13.45,-34.53,2.2
"Belostoma","DC108_1","09/09/2015",1,6.9,11.933,-33.01,2.02
"Belostoma","DC108_1","09/09/2015",1,7.2,8.769,-34.58,2.55
"Belostoma","DC108_1","09/09/2015",1,7.9,11.188,-33.23,2.24
"Belostoma","DC108_1","9/16/2015",1,7.9,13.359,-31.61,2.59
"Belostoma","DC108_1","9/16/2015",1,7.9,13.506,-36.31,1.47
"Belostoma","DC108_1","09/09/2015",1,8,12.768,-33.93,1.54
"Belostoma","DC108_1","9/16/2015",1,8.1,13.443,-33.34,2.03
"Belostoma","DC108_1","09/09/2015",1,8.5,12.172,-34.57,2.55
"Belostoma","DC108_1","09/09/2015",1,8.9,11.553,-33.02,2.74
"Belostoma","DC108_1","9/16/2015",1,10.6,10.495,-35.43,1.26
"Belostoma","DC108_1","9/16/2015",1,10.7,15.224,-33.87,2.22
"Belostoma","DC108_1","9/16/2015",1,10.9,14.2,-34.61,1.68
"Belostoma","DC108_1","9/16/2015",1,11.2,11.603,-32.8,1.79
"Belostoma","DC108_1","9/16/2015",1,11.8,14.869,-35.37,1.96
"Belostoma","DC108_1","09/09/2015",1,12.1,12.275,-31.45,3.4
"Belostoma","DC108_1","09/09/2015",1,13.2,11.066,-34.57,2.2
"Belostoma","DC108_1","9/16/2015",1,13.5,15.022,-34.32,2.67
"Belostoma","DC108_1","09/09/2015",1,14.1,12.197,-34.3,2.16
"Belostoma","DC108_1","09/09/2015",1,14.4,12.245,-34.13,2.6
"Belostoma","DC108_1","9/16/2015",1,16,16.551,-33.53,2.32
"Belostoma","DC108_1","9/16/2015",1,16.6,16.537,-34.11,2.18
"Belostoma","DC108_1","9/16/2015",1,16.9,15.837,-34.64,1.53
"Belostoma","DC108_1","9/16/2015",1,17.8,16.921,-33.88,2.01
"Belostoma","DC108_1","09/09/2015",1,18.2,16.039,-32.96,2.22
"Belostoma","DC108_1","9/16/2015",1,21.1,16.998,-32.62,2.76
"Belostoma","DC108_1","9/16/2015",1,21.4,16.211,-34.47,2.43
"Belostoma","DC108_1","07/01/2015",1,22.5,18.645,-30.58,2.54
"Belostoma","DC108_1","09/09/2015",1,23.9,16.915,-34.37,2.28
"Belostoma","DC108_1","9/16/2015",1,24.7,15.995,-33.46,2.05
"Belostoma","DC108_1","09/09/2015",1,26.6,15.578,-33.17,2.41
"Belostoma","DC108_1","9/16/2015",1,26.6,16.032,-35.16,2.33
"Belostoma","DC108_1","09/09/2015",1,27,16.075,-32.16,3.05
"Belostoma","DC108_1","09/09/2015",1,27.1,23.207,-33.95,3.01
"Belostoma","DC108_1","09/09/2015",1,27.9,16.492,-34.65,1.96
"Belostoma","DC108_1","9/16/2015",1,28.3,16.044,-34.3,1.76
"Belostoma","DC108_1","9/16/2015",1,28.9,17.416,-35.41,2.26
"Belostoma","DC108_1","09/09/2015",1,29.3,14.643,-33.92,2.67
"Belostoma","DC108_1","9/16/2015",1,30.4,17.882,-31.95,1.46
"Belostoma","DC108_1","9/16/2015",1,30.4,22.955,-34.36,2.45
"Belostoma","DC108_1","09/09/2015",1,33.3,22.978,-33.49,2.64
"Belostoma","DC108_1","09/09/2015",1,33.8,23.901,-33.31,3.27
"Belostoma","DC108_1","09/09/2015",1,34.4,23.949,-33.9,3.08
"Belostoma","DC108_1","09/09/2015",1,34.6,23.037,-33.54,3.25
"Belostoma","DC108_1","9/16/2015",1,35.4,17.29,-33.71,2.94
"Belostoma","DC108_1","9/16/2015",1,35.6,17.13,-33.25,2.72
"Belostoma","DC108_1","9/16/2015",1,41.6,21.855,-32.72,3.1
"Belostoma","DC108_1","9/16/2015",1,42.7,18.016,-34.38,2.57
"Belostoma","DC108_1","9/16/2015",1,43.8,21.874,-34.06,2.53
"Belostoma","DC108_1","9/16/2015",1,45.6,21.851,-34.53,2.55
"Belostoma","DC108_1","9/16/2015",1,49.3,25.189,-33.73,2.93
"Belostoma","DC108_1","9/16/2015",1,53,22.787,-33.83,2.86
"Belostoma","DC108_1","09/09/2015",1,54,24.93,-34.75,2.79
"Belostoma","DC108_1","9/16/2015",1,58.6,25.438,-33.7,2.83
"Belostoma","DC108_1","09/09/2015",1,60.5,23.836,-33.03,3.27
"Belostoma","DC108_1","9/16/2015",1,62.9,21.131,-33.24,2.88
"Belostoma","DC108_1","09/09/2015",1,65.4,22.142,-33.43,3.8
"Belostoma","DC108_1","09/09/2015",1,66.6,24.031,-33.92,2.62
"Belostoma","DC108_1","09/09/2015",1,93.7,24.697,-33.14,3.04
"Buenoa","DC108_1","7/15/2015",16,0.03,13.336,-34.97,3.41
"Buenoa","DC108_1","7/15/2015",8,0.0525,1.264,-35.91,3.01
"Buenoa","DC108_1","7/15/2015",10,0.064,14.175,-35.47,2.98
"Buenoa","DC108_1","7/15/2015",5,0.092,16.692,-35.15,2.98
"Buenoa","DC108_1","7/15/2015",5,0.098,17.602,-35.07,3.07
"Buenoa","DC108_1","7/15/2015",5,0.102,15.308,-35.35,2.5
"Buenoa","DC108_1","7/15/2015",4,0.1075,173.925,-35.13,2.75
"Buenoa","DC108_1","7/15/2015",5,0.11,17.018,-35.24,2.95
"Buenoa","DC108_1","7/15/2015",5,0.116,1.719,-34.97,2.66
"Buenoa","DC108_1","7/15/2015",5,0.122,17.024,-36.24,3.13
"Buenoa","DC108_1","7/15/2015",4,0.125,2.533,-36.14,2.75
"Buenoa","DC108_1","7/15/2015",5,0.13,15.932,-35.49,2.99
"Buenoa","DC108_1","7/15/2015",5,0.132,1.753,-35.81,3.08
"Buenoa","DC108_1","7/15/2015",5,0.136,163.125,-36.17,3.17
"Buenoa","DC108_1","7/15/2015",4,0.14,174.025,-34.29,2.72
"Buenoa","DC108_1","7/15/2015",4,0.1525,1.972,-36.17,2.93
"Buenoa","DC108_1","7/15/2015",5,0.154,20.972,-36.92,3.45
"Buenoa","DC108_1","7/15/2015",4,0.155,199.525,-36.04,2.95
"Buenoa","DC108_1","7/15/2015",4,0.155,1.921,-36.07,2.9
"Buenoa","DC108_1","7/15/2015",4,0.155,227.175,-35.35,2.66
"Buenoa","DC108_1","7/15/2015",5,0.162,16.126,-35.76,2.84
"Buenoa","DC108_1","7/15/2015",5,0.166,22.496,-36.04,2.9
"Buenoa","DC108_1","7/15/2015",5,0.166,16.526,-35.5,2.48
"Buenoa","DC108_1","7/15/2015",3,0.166666667,1.842,-35.41,3
"Buenoa","DC108_1","7/15/2015",4,0.17,1.852,-36.26,3.26
"Buenoa","DC108_1","7/15/2015",4,0.1825,188.525,-35.83,2.76
"Buenoa","DC108_1","7/15/2015",3,0.213333333,2.24,-35.57,2.74
"Buenoa","DC108_1","7/15/2015",5,0.218,17.338,-35.95,2.51
"Buenoa","DC108_1","7/15/2015",4,0.2275,218.775,-35.09,2.57
"Buenoa","DC108_1","7/15/2015",3,0.236666667,2.643,-33.27,2.75
"Buenoa","DC108_1","7/15/2015",5,0.248,1.995,-36.59,2.71
"Buenoa","DC108_1","7/15/2015",2,0.25,1.851,-35.06,3.14
"Buenoa","DC108_1","7/15/2015",2,0.25,19.395,-36.62,2.48
"Buenoa","DC108_1","7/15/2015",2,0.255,20.455,-35.41,2.63
"Buenoa","DC108_1","7/15/2015",2,0.26,2.015,-36.16,2.48
"Buenoa","DC108_1","7/15/2015",2,0.26,38.345,-35.64,2.52
"Buenoa","DC108_1","7/15/2015",2,0.265,2.622,-34.69,2.76
"Buenoa","DC108_1","7/15/2015",2,0.265,2.307,-35.13,2.53
"Buenoa","DC108_1","7/15/2015",2,0.275,24.875,-35.56,3.12
"Buenoa","DC108_1","7/15/2015",2,0.275,27.085,-36.05,3.1
"Buenoa","DC108_1","7/15/2015",2,0.295,26.975,-34.11,2.61
"Buenoa","DC108_1","7/15/2015",2,0.3,2.2,-36.09,2.73
"Buenoa","DC108_1","7/15/2015",2,0.3,2.655,-36.06,2.75
"Buenoa","DC108_1","7/15/2015",2,0.3,19.295,-35.94,2.55
"Buenoa","DC108_1","7/15/2015",2,0.31,2.19,-34.92,2.49
"Buenoa","DC108_1","7/15/2015",2,0.315,2.456,-36.17,2.43
"Buenoa","DC108_1","7/15/2015",2,0.32,32.555,-37.28,3.29
"Buenoa","DC108_1","7/15/2015",2,0.325,2.573,-35.69,2.81
"Buenoa","DC108_1","7/15/2015",2,0.33,2.915,-34.02,2.83
"Buenoa","DC108_1","7/15/2015",2,0.33,26.455,-35.33,2.64
"Buenoa","DC108_1","7/15/2015",2,0.33,2.8,-35.43,2.39
"Buenoa","DC108_1","7/15/2015",2,0.335,2.682,-35.65,2.78
"Buenoa","DC108_1","7/15/2015",2,0.35,26.005,-35.04,2.3
"Buenoa","DC108_1","7/15/2015",2,0.355,32.025,-35.81,2.41
"Buenoa","DC108_1","7/15/2015",2,0.365,2.538,-35.98,2.81
"Buenoa","DC108_1","7/15/2015",2,0.39,24.195,-36.76,2.86
"Buenoa","DC108_1","7/15/2015",2,0.4,25.355,-35.13,2.59
"Buenoa","DC108_1","7/15/2015",2,0.405,2.565,-34.85,2.62
"Buenoa","DC108_1","7/15/2015",2,0.415,2.317,-37.41,2.83
"Buenoa","DC108_1","7/15/2015",1,0.42,2.762,-36.53,2.42
"Buenoa","DC108_1","7/15/2015",1,0.42,2.91,-37.3,2.96
"Buenoa","DC108_1","7/15/2015",2,0.42,30.715,-36.02,2.63
"Buenoa","DC108_1","7/15/2015",2,0.435,28.515,-35.39,2.95
"Buenoa","DC108_1","7/15/2015",1,0.44,2.752,-36.8,3.96
"Buenoa","DC108_1","7/15/2015",3,0.443333333,2.823,-35.32,2.45
"Buenoa","DC108_1","7/15/2015",2,0.445,32.875,-35.59,2.8
"Buenoa","DC108_1","7/15/2015",2,0.455,28.935,-35.57,2.14
"Buenoa","DC108_1","7/15/2015",2,0.46,3.039,-36.71,3.04
"Buenoa","DC108_1","7/15/2015",1,0.48,3.193,-37.92,3.09
"Buenoa","DC108_1","7/15/2015",1,0.5,2.678,-34.9,3.06
"Buenoa","DC108_1","7/15/2015",1,0.5,2.724,-30.78,2.81
"Buenoa","DC108_1","7/15/2015",1,0.5,2.854,-35.31,2.53
"Buenoa","DC108_1","7/15/2015",1,0.51,2.912,-35.99,2.96
"Buenoa","DC108_1","7/15/2015",2,0.51,2.954,-37.2,2.73
"Buenoa","DC108_1","7/15/2015",1,0.52,2.851,-37.46,3.49
"Buenoa","DC108_1","7/15/2015",1,0.53,2.597,-34.01,2.85
"Buenoa","DC108_1","7/15/2015",1,0.54,2.885,-36.54,2.19
"Buenoa","DC108_1","7/15/2015",1,0.54,3.637,-35.27,3.05
"Buenoa","DC108_1","7/15/2015",1,0.54,4.23,-36.31,2.1
"Buenoa","DC108_1","7/15/2015",1,0.55,2.906,-36.23,2.45
"Buenoa","DC108_1","7/15/2015",1,0.55,2.979,-36.52,2.47
"Buenoa","DC108_1","7/15/2015",1,0.55,3.251,-36.31,3.1
"Buenoa","DC108_1","7/15/2015",1,0.56,2.618,-34.39,3.37
"Buenoa","DC108_1","7/15/2015",1,0.56,2.934,-36.21,2.76
"Buenoa","DC108_1","7/15/2015",1,0.57,2.651,-36.11,1.91
"Buenoa","DC108_1","7/15/2015",1,0.57,2.958,-36.62,2.59
"Buenoa","DC108_1","7/15/2015",1,0.57,3.408,-37.49,3.38
"Buenoa","DC108_1","7/15/2015",1,0.57,3.533,-36.77,2.89
"Buenoa","DC108_1","7/15/2015",1,0.58,2.924,-35.15,2.48
"Buenoa","DC108_1","7/15/2015",1,0.58,3.211,-37.19,3.32
"Buenoa","DC108_1","7/15/2015",1,0.58,3.449,-35.39,2.58
"Buenoa","DC108_1","7/15/2015",1,0.58,3.566,-35.12,2.84
"Buenoa","DC108_1","7/15/2015",1,0.58,3.582,-34.93,2.53
"Buenoa","DC108_1","7/15/2015",1,0.58,3.605,-37.47,2.82
"Buenoa","DC108_1","7/15/2015",1,0.58,3.638,-37.75,3.47
"Buenoa","DC108_1","7/15/2015",1,0.58,3.735,-37.66,2.13
"Buenoa","DC108_1","7/15/2015",1,0.59,3.451,-35.61,2.36
"Buenoa","DC108_1","7/15/2015",1,0.59,3.547,-35.64,2.69
"Buenoa","DC108_1","7/15/2015",1,0.59,3.711,-36.13,2.32
"Buenoa","DC108_1","7/15/2015",1,0.6,3.33,-37.36,3.38
"Buenoa","DC108_1","7/15/2015",1,0.6,3.428,-34.44,2.52
"Buenoa","DC108_1","7/15/2015",1,0.61,3.003,-36.23,2.13
"Buenoa","DC108_1","7/15/2015",1,0.61,3.452,-37.47,3.19
"Buenoa","DC108_1","7/15/2015",1,0.61,3.584,-36.18,2.92
"Buenoa","DC108_1","7/15/2015",1,0.61,3.658,-35.44,2.17
"Buenoa","DC108_1","7/15/2015",1,0.62,4.549,-36.44,2.51
"Buenoa","DC108_1","7/15/2015",2,0.625,21.275,-35.43,1.98
"Buenoa","DC108_1","7/15/2015",1,0.63,3.778,-37.29,2.27
"Buenoa","DC108_1","7/15/2015",1,0.64,2.763,-35.93,2.61
"Buenoa","DC108_1","7/15/2015",1,0.64,3.633,-36.52,2.54
"Buenoa","DC108_1","7/15/2015",1,0.64,3.664,-36,2.81
"Buenoa","DC108_1","7/15/2015",1,0.65,3.634,-35.92,2.56
"Buenoa","DC108_1","7/15/2015",1,0.65,4.671,-37.41,3.59
"Buenoa","DC108_1","7/15/2015",1,0.66,3.241,-37.41,2.91
"Buenoa","DC108_1","7/15/2015",1,0.66,3.272,-34.92,2.83
"Buenoa","DC108_1","7/15/2015",1,0.66,3.57,-35.56,2.59
"Buenoa","DC108_1","7/15/2015",1,0.66,3.625,-35.31,2.37
"Buenoa","DC108_1","7/15/2015",1,0.66,3.705,-35.89,2.59
"Buenoa","DC108_1","7/15/2015",1,0.67,3.488,-37.72,3.52
"Buenoa","DC108_1","7/15/2015",1,0.67,3.503,-36.93,2.59
"Buenoa","DC108_1","7/15/2015",1,0.68,3.678,-37.08,3.03
"Buenoa","DC108_1","7/15/2015",1,0.68,3.688,-37.16,2.46
"Buenoa","DC108_1","7/15/2015",1,0.68,4.332,-33.57,2.8
"Buenoa","DC108_1","7/15/2015",1,0.69,3.342,-37.13,1.97
"Buenoa","DC108_1","7/15/2015",1,0.69,3.65,-36.32,2.53
"Buenoa","DC108_1","7/15/2015",1,0.69,3.678,-36.66,2.21
"Buenoa","DC108_1","7/15/2015",1,0.69,3.713,-36.37,2.26
"Buenoa","DC108_1","7/15/2015",1,0.7,3.447,-37.38,3.4
"Buenoa","DC108_1","7/15/2015",1,0.7,3.481,-37.33,3.17
"Buenoa","DC108_1","7/15/2015",1,0.72,3.64,-37.04,3.46
"Buenoa","DC108_1","7/15/2015",1,0.74,3.997,-30.43,2.49
"Buenoa","DC108_1","7/15/2015",1,0.75,3.667,-35.61,2.45
"Buenoa","DC108_1","7/15/2015",1,0.75,3.736,-35.28,2.64
"Buenoa","DC108_1","7/15/2015",1,0.76,3.586,-36.32,2.49
"Buenoa","DC108_1","7/15/2015",1,0.77,3.824,-37.04,3.62
"Buenoa","DC108_1","7/15/2015",1,0.77,4.096,-35.63,2.61
"Buenoa","DC108_1","7/15/2015",1,0.79,3.567,-37.47,2.08
"Buenoa","DC108_1","7/15/2015",1,0.79,3.84,-36.89,2.11
"Buenoa","DC108_1","7/15/2015",1,0.8,3.656,-37.11,2.74
"Buenoa","DC108_1","7/15/2015",1,0.8,3.816,-36.18,2.55
"Buenoa","DC108_1","7/15/2015",1,0.81,3.329,-36.76,2.12
"Buenoa","DC108_1","7/15/2015",1,0.82,3.557,-35.18,2.43
"Buenoa","DC108_1","7/15/2015",1,0.83,3.512,-34.32,2.81
"Buenoa","DC108_1","7/15/2015",1,0.83,3.78,-34.41,2.74
"Buenoa","DC108_1","7/15/2015",1,0.83,3.795,-36.17,2.35
"Buenoa","DC108_1","7/15/2015",1,0.84,4.21,-35.43,2.59
"Buenoa","DC108_1","7/15/2015",1,0.85,3.638,-36.7,3.03
"Buenoa","DC108_1","7/15/2015",1,0.86,3.485,-37.73,2.76
"Buenoa","DC108_1","7/15/2015",1,0.86,3.624,-35.65,2.63
"Buenoa","DC108_1","7/15/2015",1,0.86,3.713,-34.44,2.14
"Buenoa","DC108_1","7/15/2015",1,0.87,3.704,-36.31,2.39
"Buenoa","DC108_1","7/15/2015",1,0.87,4.787,-36.88,2.51
"Buenoa","DC108_1","7/15/2015",1,0.88,3.718,-35.01,2.6
"Buenoa","DC108_1","7/15/2015",1,0.88,3.781,-36.52,2.4
"Buenoa","DC108_1","7/15/2015",1,0.9,3.531,-35.21,2.57
"Buenoa","DC108_1","7/15/2015",1,0.9,3.554,-36.19,2.99
"Buenoa","DC108_1","7/15/2015",1,0.9,3.891,-37.84,2.93
"Buenoa","DC108_1","7/15/2015",1,0.94,3.797,-36.56,2.77
"Buenoa","DC108_1","7/15/2015",1,0.95,4.365,-36.18,2.24
"Buenoa","DC108_1","7/15/2015",1,0.96,4.002,-37.31,2.19
"Buenoa","DC108_1","7/15/2015",1,0.96,4.222,-34.08,2.39
"Buenoa","DC108_1","7/15/2015",1,0.98,3.689,-37.58,3.41
"Buenoa","DC108_1","7/15/2015",1,1,3.725,-36.81,2.72
"Buenoa","DC108_1","7/15/2015",1,1,3.767,-37.28,2.08
"Buenoa","DC108_1","7/15/2015",1,1,3.933,-35.8,2.52
"Buenoa","DC108_1","7/15/2015",1,1,4.633,-35.69,2.75
"Buenoa","DC108_1","7/15/2015",1,1.01,4.393,-35.53,2.64
"Buenoa","DC108_1","7/15/2015",1,1.02,3.644,-37.06,3.38
"Buenoa","DC108_1","7/15/2015",1,1.03,3.83,-37.06,3.34
"Buenoa","DC108_1","7/15/2015",1,1.07,3.562,-36.5,2.48
"Buenoa","DC108_1","7/15/2015",1,1.07,3.803,-36.15,2.37
"Buenoa","DC108_1","7/15/2015",1,1.07,3.854,-37.5,2.72
"Buenoa","DC108_1","7/15/2015",1,1.08,3.828,-34.84,2.43
"Buenoa","DC108_1","7/15/2015",1,1.12,3.804,-36.32,2.38
"Buenoa","DC108_1","7/15/2015",1,1.14,4.47,-35.12,2.27
"Buenoa","DC108_1","7/15/2015",1,1.17,4.317,-35.91,2.37
"Buenoa","DC108_1","7/15/2015",1,1.17,4.498,-36.01,3.6
"Buenoa","DC108_1","7/15/2015",1,1.19,4.688,-35.97,2.61
"Buenoa","DC108_1","7/15/2015",1,1.21,4.432,-34.21,3.18
"Buenoa","DC108_1","7/15/2015",1,1.22,4.48,-33.85,3.12
"Buenoa","DC108_1","7/15/2015",1,1.22,4.765,-36.1,2.55
"Buenoa","DC108_1","7/15/2015",1,1.23,3.342,-37.39,3.51
"Buenoa","DC108_1","7/15/2015",1,1.23,3.752,-37.59,3.05
"Buenoa","DC108_1","7/15/2015",1,1.23,4.67,-35.44,3.23
"Buenoa","DC108_1","7/15/2015",1,1.23,4.763,-36.33,3.58
"Buenoa","DC108_1","7/15/2015",1,1.24,41.631,-35.95,3.24
"Buenoa","DC108_1","7/15/2015",1,1.25,4.599,-34.46,2.64
"Buenoa","DC108_1","7/15/2015",1,1.25,4.605,-37.02,3.14
"Buenoa","DC108_1","7/15/2015",1,1.27,4.577,-37.23,2.19
"Buenoa","DC108_1","7/15/2015",1,1.28,3.424,-37.91,3.02
"Buenoa","DC108_1","7/15/2015",2,1.29,3.856,-35.14,3.02
"Buenoa","DC108_1","7/15/2015",1,1.3,4.327,-37.95,2.98
"Buenoa","DC108_1","7/15/2015",1,1.3,4.642,-32.58,3.35
"Buenoa","DC108_1","7/15/2015",1,1.31,4.294,-35.76,3.79
"Buenoa","DC108_1","7/15/2015",1,1.31,4.588,-34.39,2.22
"Buenoa","DC108_1","7/15/2015",1,1.31,4.677,-33.75,3.04
"Buenoa","DC108_1","7/15/2015",1,1.32,4.466,-34.87,2.96
"Buenoa","DC108_1","7/15/2015",1,1.34,4.487,-33.71,2.88
"Buenoa","DC108_1","7/15/2015",1,1.5,4.581,-36.94,3.64
"Buenoa","DC108_1","7/15/2015",1,1.51,4.519,-37.99,3.28
"Buenoa","DC108_1","7/15/2015",1,1.62,4.675,-37.16,2.93
"Buenoa","DC108_1","7/15/2015",1,1.62,6.423,-36.17,3.41
"Buenoa","DC108_1","7/15/2015",1,1.67,5.871,-36.34,3.6
"Buenoa","DC108_1","7/15/2015",2,1.69,43.755,-35.35,2.41
"Buenoa","DC108_1","7/15/2015",1,1.7,4.12,-36.93,3.55
"Buenoa","DC108_1","7/15/2015",1,1.7,4.607,-34.92,2.35
"Buenoa","DC108_1","7/15/2015",1,1.7,4.768,-38.36,3.27
"Buenoa","DC108_1","7/15/2015",2,1.75,38.295,-36.37,3.62
"Buenoa","DC108_1","7/15/2015",1,1.76,4.65,-34.58,2.87
"Buenoa","DC108_1","7/15/2015",1,1.79,4.789,-34.05,3.05
"Buenoa","DC108_1","7/15/2015",1,1.82,4.834,-36.1,2.55
"Buenoa","DC108_1","7/15/2015",1,1.83,4.86,-35.09,2.8
"Buenoa","DC108_1","7/15/2015",1,1.89,5.182,-34.84,3.23
"Buenoa","DC108_1","7/15/2015",1,1.9,4.889,-37.42,3.18
"Buenoa","DC108_1","7/15/2015",2,2.04,4.945,-36.6,3.42
"Buenoa","DC108_1","7/15/2015",2,2.115,47.935,-35.88,3.26
"Buenoa","DC108_1","7/15/2015",2,2.13,33.555,-35.56,3.25
"Buenoa","DC108_1","7/15/2015",2,2.145,52.315,-37.05,3.59
"Buenoa","DC108_1","7/15/2015",2,2.15,5.287,-36.5,3.61
"Buenoa","DC108_1","7/15/2015",1,2.21,5.083,-36.38,3.41
"Buenoa","DC108_1","7/15/2015",2,2.35,57.245,-36.24,3.91
"Buenoa","DC108_1","7/15/2015",2,2.505,3.285,-36.47,3.7
"Buenoa","DC108_1","7/15/2015",2,2.75,64.025,-37.7,3.85
"Buenoa","DC108_1","7/15/2015",2,3.1,6.167,-37.35,3.91
"Buenoa","DC108_1","7/15/2015",1,3.14,5.805,-36.72,4.06
"Buenoa","DC108_1","7/15/2015",1,3.17,6.073,-37.94,3.87
"Buenoa","DC108_1","7/15/2015",1,3.2,5.976,-36.76,4.01
"Buenoa","DC108_1","7/15/2015",1,3.23,6.165,-27.35,5.48
"Buenoa","DC108_1","7/15/2015",2,3.4,6.683,-32.71,4.15
"Buenoa","DC108_1","7/15/2015",1,3.68,6.059,-35.98,3.03
"Buenoa","DC108_1","7/15/2015",1,4.1,6.136,-36.28,3.5
"Buenoa","DC108_1","7/15/2015",1,4.1,6.402,-37.26,3.96
"Buenoa","DC108_1","7/15/2015",1,4.2,5.97,-36.31,4.18
"Buenoa","DC108_1","7/15/2015",1,4.22,6.3,-34.96,3.74
"Buenoa","DC108_1","7/15/2015",1,4.57,6.015,-36.19,3.05
"Buenoa","DC108_1","7/15/2015",1,5,6.331,-31.88,5.31
"Buenoa","DC108_1","7/15/2015",1,5,6.52,-36.06,3.94
"Buenoa","DC108_1","7/15/2015",1,5.1,6.659,-35.59,3.33
"Buenoa","DC108_1","7/15/2015",1,5.1,6.762,-35.54,3.72
"Buenoa","DC108_1","7/15/2015",1,5.1,6.794,-31.82,6.62
"Buenoa","DC108_1","7/15/2015",1,5.2,6.942,-28.19,6.91
"Buenoa","DC108_1","7/15/2015",1,5.2,7.026,-33.8,6.67
"Buenoa","DC108_1","7/15/2015",1,5.4,6.494,-32.24,4.52
"Buenoa","DC108_1","7/15/2015",1,6.55,6.723,-36.15,3.27
"Cybister","DC108_1","5/20/2015",1,1.6,3.248,-30.66,3.38
"Cybister","DC108_1","5/20/2015",1,1.8,3.159,-31.87,3.94
"Cybister","DC108_1","5/20/2015",1,1.9,3.297,-30.45,3.45
"Cybister","DC108_1","5/20/2015",1,1.9,3.175,-31.93,2.83
"Cybister","DC108_1","06/10/2015",1,2,3.205,-32.2,2.83
"Cybister","DC108_1","5/20/2015",1,2,3.401,-31,2.87
"Cybister","DC108_1","5/20/2015",1,2,3.06,-32.06,2.97
"Cybister","DC108_1","06/10/2015",2,2.4,3.335,-31.23,3.06
"Cybister","DC108_1","5/20/2015",2,2.5,30.125,-31.13,3.03
"Cybister","DC108_1","06/10/2015",2,2.55,3.208,-31.45,3.42
"Cybister","DC108_1","06/10/2015",1,2.9,3.311,-33.68,2.75
"Cybister","DC108_1","06/10/2015",1,3.2,3.439,-31.94,3.2
"Cybister","DC108_1","06/10/2015",1,3.3,2.968,-30.99,2.97
"Cybister","DC108_1","06/10/2015",1,3.4,3.029,-31.75,2.96
"Cybister","DC108_1","06/10/2015",1,3.7,3.141,-31.9,3.39
"Cybister","DC108_1","06/10/2015",1,3.8,3.011,-32.98,2.06
"Cybister","DC108_1","5/20/2015",1,3.9,3.29,-32.03,3.24
"Cybister","DC108_1","5/20/2015",1,4,3.456,-32.79,2.88
"Cybister","DC108_1","5/20/2015",1,4.3,3.045,-32.98,3.51
"Cybister","DC108_1","06/02/2015",1,5.3,3.17,-33.2,2.5
"Cybister","DC108_1","06/10/2015",1,5.6,3.055,-33.99,2.03
"Cybister","DC108_1","06/10/2015",1,5.8,3.646,-31.75,2.75
"Cybister","DC108_1","5/20/2015",1,5.8,3.399,-32.82,2.78
"Cybister","DC108_1","06/10/2015",1,7.1,3.378,-31.58,2.95
"Cybister","DC108_1","06/10/2015",1,7.3,2.916,-32.49,2.55
"Cybister","DC108_1","06/10/2015",1,7.4,3.293,-32.62,2.93
"Cybister","DC108_1","06/10/2015",1,8.4,3.301,-32.48,2.65
"Cybister","DC108_1","06/10/2015",1,8.4,3.072,-31.68,2.72
"Cybister","DC108_1","06/10/2015",1,8.4,4.728,-33.53,2.74
"Cybister","DC108_1","06/10/2015",1,8.5,4.69,-31.49,3.13
"Cybister","DC108_1","06/10/2015",1,9.2,5.029,-31.91,2.53
"Cybister","DC108_1","06/10/2015",1,9.3,3.1,-32.27,2.34
"Cybister","DC108_1","06/10/2015",1,9.3,3.293,-33.29,2.66
"Cybister","DC108_1","5/20/2015",1,9.4,2.9,-33.41,2.43
"Cybister","DC108_1","06/10/2015",1,9.8,3.043,-33.19,2.19
"Cybister","DC108_1","06/10/2015",1,9.9,3.368,-31.03,2.34
"Cybister","DC108_1","06/10/2015",1,10.2,5.338,-31.62,2.82
"Cybister","DC108_1","06/10/2015",1,10.3,5.536,-31.84,2.87
"Cybister","DC108_1","5/20/2015",1,10.4,3.25,-32.9,3.31
"Cybister","DC108_1","06/10/2015",1,10.4,3.383,-32.76,2.44
"Cybister","DC108_1","06/10/2015",1,11.4,3.438,-32.49,2.4
"Cybister","DC108_1","06/10/2015",1,11.6,3.108,-31.25,2.57
"Cybister","DC108_1","5/20/2015",1,11.6,5.458,-33,3.22
"Cybister","DC108_1","5/20/2015",1,11.7,4.565,-32.75,3.14
"Cybister","DC108_1","06/10/2015",1,11.7,5.72,-32.96,3.16
"Cybister","DC108_1","06/10/2015",1,12.3,3.167,-32.29,2.54
"Cybister","DC108_1","06/10/2015",1,12.3,4.786,-31.65,2.87
"Cybister","DC108_1","06/10/2015",1,12.9,3.334,-33.02,3
"Cybister","DC108_1","06/10/2015",1,12.9,5.274,-32.03,2.81
"Cybister","DC108_1","06/10/2015",1,13.3,5.138,-32.95,3.01
"Cybister","DC108_1","06/10/2015",1,13.7,5.303,-30.51,2.98
"Cybister","DC108_1","06/10/2015",1,14.2,4.941,-31.88,2.75
"Cybister","DC108_1","5/20/2015",1,14.9,3.406,-32.29,2.95
"Cybister","DC108_1","06/10/2015",1,15.2,5.226,-31.1,2.41
"Cybister","DC108_1","06/10/2015",1,15.4,5.3,-32.49,2.9
"Cybister","DC108_1","06/10/2015",1,16,3.302,-31.85,2.67
"Cybister","DC108_1","06/10/2015",1,16.1,3.148,-32.72,2.62
"Cybister","DC108_1","06/10/2015",1,17.3,5.769,-33.12,2.96
"Cybister","DC108_1","06/10/2015",1,17.5,5.137,-32.74,2.34
"Cybister","DC108_1","06/10/2015",1,17.7,3.613,-32.43,2.52
"Cybister","DC108_1","06/10/2015",1,20.4,5.282,-32.87,2.76
"Cybister","DC108_1","06/10/2015",1,21.6,5.656,-32.59,2.36
"Cybister","DC108_1","06/10/2015",1,23.2,5.339,-33.09,2.44
"Cybister","DC108_1","06/10/2015",1,25.3,5.302,-33.2,2.45
"Cybister","DC108_1","06/10/2015",1,28.5,8.225,-33.07,2.68
"Cybister","DC108_1","06/10/2015",1,33.1,5.236,-33.06,3.1
"Cybister","DC108_1","06/10/2015",1,34.7,9.002,-32.28,2.58
"Cybister","DC108_1","06/10/2015",1,38.9,4.887,-32.96,2.98
"Cybister","DC108_1","06/10/2015",1,44.3,8.364,-31.65,2.22
"Cybister","DC108_1","06/10/2015",1,45,5.184,-33.11,2.53
"Cybister","DC108_1","06/10/2015",1,45,NA,-32.59,2.75
"Cybister","DC108_1","06/10/2015",1,46,4.962,-32.38,2.93
"Cybister","DC108_1","06/10/2015",1,46,8.149,-32.18,2.88
"Cybister","DC108_1","06/10/2015",1,46.9,9.346,-31.67,3.18
"Cybister","DC108_1","06/10/2015",1,48.8,5.787,-31.85,2.82
"Cybister","DC108_1","06/10/2015",1,49.3,9.314,-31.06,2.59
"Cybister","DC108_1","06/10/2015",1,53.9,9.553,-33.29,2.81
"Cybister","DC108_1","06/10/2015",1,59.7,5.181,-33.65,2.65
"Cybister","DC108_1","06/10/2015",1,60.6,8.489,-31.2,2.81
"Cybister","DC108_1","06/10/2015",1,71.3,4.902,-32.38,2.96
"Cybister","DC108_1","06/10/2015",1,72.6,6.18,-32.95,2.57
"Cybister","DC108_1","06/10/2015",1,73.6,8.939,-32.52,2.57
"Cybister","DC108_1","06/10/2015",1,78.4,7.132,-32.5,2.33
"Cybister","DC108_1","06/10/2015",1,87,NA,-32.13,2.87
"Cybister","DC108_1","06/10/2015",1,119.3,9.229,-32.03,3.3
"Cybister","DC108_1","06/10/2015",1,175.6,7.497,-32.33,3.05
"Cybister","DC108_1","06/02/2015",1,217.1,9.724,-33.12,3.69
"Cybister","DC108_1","06/10/2015",1,224.3,9.681,-32.84,2.83
"Cybister","DC108_1","06/10/2015",1,259.7,8.368,-33.03,3.89
"Erythemis","DC108_1","09/04/2013",2,0.3,NA,-28.53,1.01
"Erythemis","DC108_1","09/04/2013",1,0.7,NA,-28.53,0.95
"Erythemis","DC108_1","09/04/2013",1,0.7,NA,-28.94,1.64
"Erythemis","DC108_1","09/04/2013",1,0.7,NA,-28.29,1.53
"Erythemis","DC108_1","09/04/2013",1,1,NA,-27.61,1.37
"Erythemis","DC108_1","09/04/2013",1,1,NA,-28.72,1.4
"Erythemis","DC108_1","09/04/2013",1,1,NA,-26.9,0.64
"Erythemis","DC108_1","09/04/2013",1,1.1,NA,-29.03,1.18
"Erythemis","DC108_1","09/04/2013",1,1.1,NA,-29.18,1.63
"Erythemis","DC108_1","09/04/2013",1,1.1,NA,-28.6,1.4
"Erythemis","DC108_1","09/04/2013",1,1.1,NA,-29.34,1.29
"Erythemis","DC108_1","09/04/2013",1,1.1,NA,-29.91,1.41
"Erythemis","DC108_1","09/04/2013",1,1.2,NA,-29.59,1.6
"Erythemis","DC108_1","09/04/2013",1,1.2,NA,-29.46,1.69
"Erythemis","DC108_1","09/04/2013",1,1.2,NA,-28.42,1.44
"Erythemis","DC108_1","09/04/2013",1,1.3,NA,-28.99,1.42
"Erythemis","DC108_1","09/04/2013",1,1.3,NA,-28.84,0.99
"Erythemis","DC108_1","09/04/2013",1,1.4,NA,-29.09,1.58
"Erythemis","DC108_1","09/04/2013",1,1.4,NA,-29.6,1.03
"Erythemis","DC108_1","09/04/2013",1,1.4,NA,-29.27,1.32
"Erythemis","DC108_1","09/04/2013",1,1.5,NA,-28.22,1.28
"Erythemis","DC108_1","09/04/2013",1,1.7,NA,-27.55,1.07
"Erythemis","DC108_1","09/04/2013",1,1.8,NA,-29.24,2
"Erythemis","DC108_1","09/04/2013",1,1.8,NA,-27.7,1.13
"Erythemis","DC108_1","09/04/2013",1,1.9,NA,-28.5,1.01
"Erythemis","DC108_1","09/04/2013",1,2,NA,-29.28,2.19
"Erythemis","DC108_1","09/04/2013",1,2.1,NA,-30.37,1.38
"Erythemis","DC108_1","09/04/2013",1,2.1,NA,-29.23,1.54
"Erythemis","DC108_1","09/04/2013",2,2.15,NA,-29.44,1.43
"Erythemis","DC108_1","09/04/2013",1,2.7,NA,-29.7,1.81
"Erythemis","DC108_1","09/04/2013",2,2.7,NA,-29.08,1.27
"Erythemis","DC108_1","09/04/2013",1,2.9,NA,-29.95,1.83
"Erythemis","DC108_1","09/04/2013",1,2.9,NA,-29.19,1.5
"Erythemis","DC108_1","09/04/2013",2,3,NA,-29.53,1.37
"Erythemis","DC108_1","09/04/2013",2,3.05,NA,-29.3,1.29
"Erythemis","DC108_1","09/04/2013",1,3.4,NA,-29.71,1.8
"Erythemis","DC108_1","09/04/2013",1,3.5,NA,-29.18,1.74
"Erythemis","DC108_1","09/04/2013",1,3.5,NA,-30.5,2.19
"Erythemis","DC108_1","09/04/2013",1,3.6,NA,-30.26,1.58
"Erythemis","DC108_1","09/04/2013",1,3.7,NA,-27.73,1.37
"Erythemis","DC108_1","09/04/2013",1,3.8,NA,-30.08,1.27
"Erythemis","DC108_1","09/04/2013",1,3.9,NA,-29,1.04
"Erythemis","DC108_1","09/04/2013",1,4,NA,-29.19,2.1
"Erythemis","DC108_1","09/04/2013",1,4.2,NA,-29.72,1.92
"Erythemis","DC108_1","09/04/2013",1,4.3,NA,-29.91,1.81
"Erythemis","DC108_1","09/04/2013",1,4.5,NA,-29.34,1.9
"Erythemis","DC108_1","09/04/2013",1,4.6,NA,-30.41,1.15
"Erythemis","DC108_1","09/04/2013",1,4.6,NA,-29.08,1.13
"Erythemis","DC108_1","09/04/2013",1,4.7,NA,-30.08,2.03
"Erythemis","DC108_1","09/04/2013",1,5.2,NA,-29.76,1.5
"Erythemis","DC108_1","09/04/2013",1,5.3,NA,-29.86,2.42
"Erythemis","DC108_1","09/04/2013",1,5.4,NA,-29.36,2.34
"Erythemis","DC108_1","09/04/2013",1,5.5,NA,-29.83,1.84
"Erythemis","DC108_1","09/04/2013",1,5.7,NA,-29.83,2.02
"Erythemis","DC108_1","09/04/2013",1,6,NA,-30.06,1.64
"Erythemis","DC108_1","09/04/2013",1,7.2,NA,-29.26,1.24
"Erythemis","DC108_1","09/04/2013",1,8.7,NA,-31.34,1.94
"Erythemis","DC108_1","09/04/2013",1,9.3,NA,-31.39,1.69
"Erythemis","DC108_1","09/04/2013",1,10.1,NA,-28.95,1.93
"Erythemis","DC108_1","09/04/2013",1,10.3,NA,-28.9,1.65
"Erythemis","DC108_1","09/04/2013",1,10.4,NA,-29.59,0.41
"Erythemis","DC108_1","09/04/2013",1,10.7,NA,-29.36,1.39
"Erythemis","DC108_1","09/04/2013",1,12,NA,-29.6,1.97
"Erythemis","DC108_1","09/04/2013",1,12.1,NA,-29.6,1.57
"Erythemis","DC108_1","09/04/2013",1,13,NA,-29.6,2.34
"Erythemis","DC108_1","09/04/2013",1,13.8,NA,-29.41,2.06
"Erythemis","DC108_1","09/04/2013",1,14.1,NA,-29.61,1.85
"Erythemis","DC108_1","09/04/2013",1,15.2,NA,-31.48,1.65
"Erythemis","DC108_1","09/04/2013",1,15.6,NA,-29.47,1.74
"Erythemis","DC108_1","09/04/2013",1,16.9,NA,-29.53,1.71
"Erythemis","DC108_1","09/04/2013",1,17.3,NA,-29.52,1.57
"Erythemis","DC108_1","09/04/2013",1,18.2,NA,-30.05,2.46
"Erythemis","DC108_1","09/04/2013",1,18.2,NA,-29.83,1.97
"Erythemis","DC108_1","09/04/2013",1,20,NA,-29.56,1.58
"Erythemis","DC108_1","09/04/2013",1,23.2,NA,-30.24,2.04
"Hyla.versicolor","DC108_1","06/10/2015",4,4.3,NA,-35.16,1.66
"Hyla.versicolor","DC108_1","06/10/2015",4,5.3,NA,-30.78,1.86
"Hyla.versicolor","DC108_1","06/10/2015",4,8,NA,-30.21,1.7
"Hyla.versicolor","DC108_1","06/10/2015",4,9,NA,-29.01,1.86
"Hyla.versicolor","DC108_1","06/10/2015",4,9.2,NA,-29.35,1.78
"Hyla.versicolor","DC108_1","06/10/2015",4,9.9,NA,-30.14,1.63
"Hyla.versicolor","DC108_1","06/10/2015",1,10.2,5.717,-29.82,1.51
"Hyla.versicolor","DC108_1","06/10/2015",4,11.6,NA,-29.59,1.79
"Hyla.versicolor","DC108_1","06/10/2015",1,12.8,6.819,-29.86,1.74
"Hyla.versicolor","DC108_1","06/10/2015",2,13.3,NA,-30.73,1.31
"Hyla.versicolor","DC108_1","06/10/2015",2,13.5,NA,-30.09,1.65
"Hyla.versicolor","DC108_1","06/10/2015",1,13.7,6.222,-29.79,1.42
"Hyla.versicolor","DC108_1","06/10/2015",1,14.4,7.674,-30.14,0.88
"Hyla.versicolor","DC108_1","06/10/2015",3,14.8,NA,-30.49,2.23
"Hyla.versicolor","DC108_1","06/10/2015",2,15.1,NA,-29.61,1.75
"Hyla.versicolor","DC108_1","06/10/2015",1,15.5,6.784,-31.18,1.15
"Hyla.versicolor","DC108_1","06/10/2015",3,16.7,NA,-30.72,1.73
"Hyla.versicolor","DC108_1","06/10/2015",1,16.9,7.783,-31.23,1.03
"Hyla.versicolor","DC108_1","06/10/2015",2,18.4,NA,-29.47,1.62
"Hyla.versicolor","DC108_1","06/10/2015",1,19.2,7.625,-33.53,2.15
"Hyla.versicolor","DC108_1","06/10/2015",1,21.5,8.445,-30.92,1.81
"Hyla.versicolor","DC108_1","06/10/2015",1,23.1,8.547,-30.11,1.75
"Hyla.versicolor","DC108_1","06/10/2015",1,23.8,7.725,-30.03,1.61
"Hyla.versicolor","DC108_1","06/10/2015",1,25.4,7.682,-30.76,1.84
"Hyla.versicolor","DC108_1","06/10/2015",1,26.5,9.218,-32.36,1.62
"Hyla.versicolor","DC108_1","06/10/2015",1,32.5,10.934,-30.6,1.23
"Hyla.versicolor","DC108_1","06/10/2015",1,33.2,9.513,-34.63,2.19
"Hyla.versicolor","DC108_1","06/10/2015",1,34.2,11.893,-31.79,0.85
"Hyla.versicolor","DC108_1","06/10/2015",1,42.8,11.563,-33.16,2.51
"Hyla.versicolor","DC108_1","06/10/2015",1,43.1,9.948,-31.35,2.02
"Hyla.versicolor","DC108_1","06/10/2015",1,43.7,10.006,-31.01,1.55
"Hyla.versicolor","DC108_1","06/10/2015",1,44.6,11.116,-36.01,3.21
"Hyla.versicolor","DC108_1","06/10/2015",1,45.1,11.058,-33.96,1.78
"Hyla.versicolor","DC108_1","06/10/2015",1,45.6,10.966,-31.71,2.04
"Hyla.versicolor","DC108_1","06/10/2015",1,46.2,11.154,-32.89,1.9
"Hyla.versicolor","DC108_1","06/10/2015",1,47.8,11.609,-36.74,3.35
"Hyla.versicolor","DC108_1","06/10/2015",1,50.1,11.151,-30.92,1.87
"Hyla.versicolor","DC108_1","06/10/2015",1,50.5,11.229,-32.35,1.87
"Hyla.versicolor","DC108_1","06/10/2015",1,53.6,11.981,-35.81,3.26
"Hyla.versicolor","DC108_1","06/10/2015",1,55.2,11.349,-30.95,1.93
"Hyla.versicolor","DC108_1","06/10/2015",1,59.3,10.808,-31.56,1.63
"Hyla.versicolor","DC108_1","06/10/2015",1,60.8,11.875,-34.03,2.3
"Hyla.versicolor","DC108_1","06/10/2015",1,60.8,13.577,-30.62,2.2
"Hyla.versicolor","DC108_1","06/10/2015",1,62,11.71,-31.85,1.91
"Hyla.versicolor","DC108_1","06/10/2015",1,63,13.445,-35.62,3.42
"Hyla.versicolor","DC108_1","06/10/2015",1,63.5,12.233,-31,1.58
"Hyla.versicolor","DC108_1","06/10/2015",1,64.6,13.22,-34.91,3.02
"Hyla.versicolor","DC108_1","06/10/2015",1,65,11.564,-30.6,1.51
"Hyla.versicolor","DC108_1","06/10/2015",1,66.6,12.027,-35.61,2.83
"Libellula","DC108_1","09/04/2013",4,0.45,NA,-31.68,1.76
"Libellula","DC108_1","09/04/2013",2,0.5,NA,-30.31,1.8
"Libellula","DC108_1","09/04/2013",2,0.6,NA,-32.46,1.24
"Libellula","DC108_1","09/04/2013",2,0.6,NA,-31.79,0.84
"Libellula","DC108_1","09/04/2013",1,0.7,NA,-31.38,1.45
"Libellula","DC108_1","09/04/2013",1,0.7,NA,-31.9,1.61
"Libellula","DC108_1","09/04/2013",1,0.8,NA,-28.89,2.08
"Libellula","DC108_1","09/04/2013",1,0.8,NA,-31.45,1.64
"Libellula","DC108_1","09/04/2013",1,0.9,NA,-31.29,2.02
"Libellula","DC108_1","09/04/2013",1,0.9,NA,-28.46,1.53
"Libellula","DC108_1","09/04/2013",1,1,NA,-32.72,0.77
"Libellula","DC108_1","09/04/2013",1,1,NA,-31.2,1.58
"Libellula","DC108_1","09/04/2013",1,1,NA,-33.38,0.38
"Libellula","DC108_1","09/04/2013",1,1,NA,-29.76,1.97
"Libellula","DC108_1","09/04/2013",1,1,NA,-29.78,2.16
"Libellula","DC108_1","09/04/2013",1,1,NA,-30.63,1.7
"Libellula","DC108_1","09/04/2013",1,1.1,NA,-33.48,0.52
"Libellula","DC108_1","09/04/2013",1,1.1,NA,-29.97,1.63
"Libellula","DC108_1","09/04/2013",1,1.1,NA,-31.14,2.42
"Libellula","DC108_1","09/04/2013",1,1.2,NA,-31.82,1.92
"Libellula","DC108_1","09/04/2013",1,1.2,NA,-29.15,2.42
"Libellula","DC108_1","09/04/2013",1,1.2,NA,-29.37,1.91
"Libellula","DC108_1","09/04/2013",1,1.3,NA,-30.25,1.59
"Libellula","DC108_1","09/04/2013",1,1.3,NA,-33.25,0.49
"Libellula","DC108_1","09/04/2013",1,1.4,NA,-32.85,0.85
"Libellula","DC108_1","09/04/2013",1,1.4,NA,-33.44,0.57
"Libellula","DC108_1","09/04/2013",1,1.4,NA,-32.78,0.75
"Libellula","DC108_1","09/04/2013",1,1.4,NA,-29.68,2.24
"Libellula","DC108_1","09/04/2013",1,1.4,NA,-31.15,2.5
"Libellula","DC108_1","09/04/2013",1,1.5,NA,-33.5,0.5
"Libellula","DC108_1","09/04/2013",1,1.5,NA,-31.73,1.58
"Libellula","DC108_1","09/04/2013",1,1.5,NA,-33.85,0.26
"Libellula","DC108_1","09/04/2013",1,1.6,NA,-31,2.35
"Libellula","DC108_1","09/04/2013",1,1.6,NA,-29.68,2.09
"Libellula","DC108_1","09/04/2013",1,1.7,NA,-30.48,2.25
"Libellula","DC108_1","09/04/2013",1,1.8,NA,-29.62,2.1
"Libellula","DC108_1","09/04/2013",1,1.8,NA,-29.92,2.24
"Libellula","DC108_1","09/04/2013",1,1.9,NA,-31.88,1.32
"Libellula","DC108_1","09/04/2013",1,2,NA,-29.21,1.9
"Libellula","DC108_1","09/04/2013",1,2,NA,-29.28,2.06
"Libellula","DC108_1","09/04/2013",1,2,NA,-33.5,0.96
"Libellula","DC108_1","09/04/2013",2,2.2,NA,-33.66,0.35
"Libellula","DC108_1","09/04/2013",3,2.233333333,NA,-32.72,1.05
"Libellula","DC108_1","09/04/2013",2,3.1,NA,-30.68,1.46
"Libellula","DC108_1","09/04/2013",2,3.25,NA,-30.86,2.37
"Libellula","DC108_1","09/04/2013",2,3.25,NA,-31.57,1.61
"Libellula","DC108_1","09/04/2013",2,3.5,NA,-32.06,1.41
"Libellula","DC108_1","09/04/2013",2,3.55,NA,-33.15,0.9
"Libellula","DC108_1","09/04/2013",1,4,NA,-31.99,0.52
"Libellula","DC108_1","09/04/2013",1,4.5,NA,-33.07,1.54
"Libellula","DC108_1","09/04/2013",1,5.9,NA,-30.41,2.12
"Libellula","DC108_1","09/04/2013",1,6.3,NA,-31.95,1.13
"Libellula","DC108_1","09/04/2013",1,6.5,NA,-29.8,2.04
"Libellula","DC108_1","09/04/2013",1,7.8,NA,-31.56,0.78
"Notonecta","DC108_1","7/15/2015",8,0.07875,14.395,-34.83,3.07
"Notonecta","DC108_1","7/15/2015",8,0.09,1.668,-35.49,2.91
"Notonecta","DC108_1","7/15/2015",6,0.123333333,1.574,-34.36,3.49
"Notonecta","DC108_1","7/15/2015",4,0.1325,166.225,-36.28,2.83
"Notonecta","DC108_1","7/15/2015",5,0.148,14.645,-35.62,3.14
"Notonecta","DC108_1","7/15/2015",4,0.1725,231.625,-32.92,3.51
"Notonecta","DC108_1","7/15/2015",3,0.196666667,2.134,-35.71,2.78
"Notonecta","DC108_1","7/15/2015",4,0.2675,25.145,-31.87,2.94
"Notonecta","DC108_1","7/15/2015",3,0.283333333,2.419,-33.32,2.45
"Notonecta","DC108_1","7/15/2015",2,0.475,2.93,-32.63,1.68
"Notonecta","DC108_1","7/15/2015",2,0.49,28.975,-34.14,2.44
"Notonecta","DC108_1","7/15/2015",1,0.64,2.91,-28.18,1.96
"Notonecta","DC108_1","7/15/2015",1,0.65,2.838,-36.29,1.77
"Notonecta","DC108_1","7/15/2015",1,0.66,3.474,-35.18,1.88
"Notonecta","DC108_1","7/15/2015",1,0.74,2.955,-32.66,2.34
"Notonecta","DC108_1","7/15/2015",1,0.78,3.887,-31.16,2.36
"Notonecta","DC108_1","7/15/2015",1,0.92,3.809,-32.48,2.42
"Notonecta","DC108_1","7/15/2015",1,0.94,3.889,-32.67,3.34
"Notonecta","DC108_1","7/15/2015",1,1.02,4.086,-31.57,2.97
"Notonecta","DC108_1","7/15/2015",1,1.03,3.972,-33.78,2.12
"Notonecta","DC108_1","7/15/2015",1,1.18,3.968,-30.14,2.51
"Notonecta","DC108_1","7/15/2015",1,1.29,2.222,-36.14,1.26
"Notonecta","DC108_1","7/15/2015",1,1.47,4.233,-32.11,2.19
"Notonecta","DC108_1","7/15/2015",1,1.5,4.238,-29.13,2.47
"Notonecta","DC108_1","7/15/2015",1,1.5,4.595,-30.37,1.98
"Notonecta","DC108_1","7/15/2015",1,1.53,2.009,-31.42,2.47
"Notonecta","DC108_1","7/15/2015",1,1.6,3.849,-29.91,1.93
"Notonecta","DC108_1","7/15/2015",1,1.6,4.324,-29.55,2.22
"Notonecta","DC108_1","7/15/2015",1,1.6,4.42,-35.04,1.25
"Notonecta","DC108_1","7/15/2015",1,1.61,2.069,-32.58,2.78
"Notonecta","DC108_1","7/15/2015",1,1.67,3.972,-33.19,2.25
"Notonecta","DC108_1","7/15/2015",1,1.7,4.498,-32.78,2.7
"Notonecta","DC108_1","7/15/2015",1,1.7,4.553,-36.26,1.89
"Notonecta","DC108_1","7/15/2015",1,1.8,4.199,-30.04,1.89
"Notonecta","DC108_1","7/15/2015",1,1.8,4.35,-36.18,1.34
"Notonecta","DC108_1","7/15/2015",1,1.8,4.555,-32.25,1.5
"Notonecta","DC108_1","7/15/2015",1,1.8,6.099,-30.71,3.13
"Notonecta","DC108_1","7/15/2015",1,1.88,4.37,-32.99,1.66
"Notonecta","DC108_1","7/15/2015",1,1.9,4.655,-29,2.17
"Notonecta","DC108_1","7/15/2015",1,1.9,5.815,-31.72,2.75
"Notonecta","DC108_1","7/15/2015",1,1.9,5.891,-33.1,2.92
"Notonecta","DC108_1","7/15/2015",1,1.9,5.932,-31.24,3.05
"Notonecta","DC108_1","7/15/2015",1,1.92,4.145,-32.17,1.38
"Notonecta","DC108_1","7/15/2015",1,1.95,4.077,-36.26,1.19
"Notonecta","DC108_1","7/15/2015",1,2,4.624,-31.37,2.3
"Notonecta","DC108_1","7/15/2015",1,2,5.93,-33.89,2.32
"Notonecta","DC108_1","7/15/2015",1,2.1,5.944,-30.33,2.86
"Notonecta","DC108_1","7/15/2015",2,2.1,51.775,-33.03,2.3
"Notonecta","DC108_1","7/15/2015",1,2.3,6.672,-31.64,3.09
"Notonecta","DC108_1","7/15/2015",1,2.4,6.076,-31.42,2.79
"Notonecta","DC108_1","7/15/2015",2,2.45,5.995,-31.95,2.22
"Notonecta","DC108_1","7/15/2015",2,2.5,6.134,-34.43,2.36
"Notonecta","DC108_1","7/15/2015",1,2.7,6.443,-34.14,2.5
"Notonecta","DC108_1","7/15/2015",1,2.8,6.466,-36.28,2.19
"Notonecta","DC108_1","7/15/2015",1,2.82,2.843,-36.08,2.57
"Notonecta","DC108_1","7/15/2015",1,3,6.335,-35.25,1.63
"Notonecta","DC108_1","7/15/2015",1,3,6.538,-35.63,2.44
"Notonecta","DC108_1","7/15/2015",1,3.1,6.887,-35.25,2.69
"Notonecta","DC108_1","7/15/2015",1,3.2,6.113,-35.91,2.14
"Notonecta","DC108_1","7/15/2015",1,3.2,6.265,-32.55,2.44
"Notonecta","DC108_1","7/15/2015",1,3.2,6.354,-32.88,2.93
"Notonecta","DC108_1","7/15/2015",1,3.2,6.673,-36.93,1.62
"Notonecta","DC108_1","7/15/2015",1,3.4,6.311,-32.27,2.47
"Notonecta","DC108_1","7/15/2015",1,3.5,6.013,-33.02,2.15
"Notonecta","DC108_1","7/15/2015",1,3.5,6.328,-32.51,2.47
"Notonecta","DC108_1","7/15/2015",1,3.5,6.368,-33.34,1.68
"Notonecta","DC108_1","7/15/2015",1,3.8,5.641,-33.34,2.6
"Notonecta","DC108_1","7/15/2015",1,3.8,6.438,-31.01,2.02
"Notonecta","DC108_1","7/15/2015",1,3.9,6.201,-32.33,2.97
"Notonecta","DC108_1","7/15/2015",1,4.1,6.685,-32.13,2.57
"Notonecta","DC108_1","7/15/2015",1,4.1,8.21,-33.53,3.17
"Notonecta","DC108_1","7/15/2015",1,4.2,6.091,-33.06,2.17
"Notonecta","DC108_1","7/15/2015",1,4.3,6.617,-33.35,1.86
"Notonecta","DC108_1","7/15/2015",1,4.3,8.533,-33.72,2.53
"Notonecta","DC108_1","7/15/2015",1,4.4,6.497,-33.95,1.98
"Notonecta","DC108_1","7/15/2015",1,4.4,8.117,-32.68,3.15
"Notonecta","DC108_1","7/15/2015",1,4.5,6.55,-33.75,2.35
"Notonecta","DC108_1","7/15/2015",1,4.6,5.933,-32.38,2.2
"Notonecta","DC108_1","7/15/2015",1,4.6,6.08,-34.35,2.85
"Notonecta","DC108_1","7/15/2015",1,4.6,8.204,-32.03,2.77
"Notonecta","DC108_1","7/15/2015",1,4.7,6.304,-33.54,2.35
"Notonecta","DC108_1","7/15/2015",1,4.7,6.347,-33.7,2.45
"Notonecta","DC108_1","7/15/2015",1,4.9,6.236,-34.24,2.14
"Notonecta","DC108_1","7/15/2015",1,4.9,6.472,-32.84,2.21
"Notonecta","DC108_1","7/15/2015",1,5.2,8.455,-30.65,2.83
"Notonecta","DC108_1","7/15/2015",1,5.3,6.205,-33.91,2.58
"Notonecta","DC108_1","7/15/2015",1,5.3,6.652,-33.35,1.89
"Notonecta","DC108_1","7/15/2015",1,5.3,8.576,-32.13,2.52
"Notonecta","DC108_1","7/15/2015",1,5.4,8.341,-32.29,2.16
"Notonecta","DC108_1","7/15/2015",1,5.4,9.05,-33.9,2.75
"Notonecta","DC108_1","7/15/2015",1,5.5,6.216,-34.15,1.35
"Notonecta","DC108_1","7/15/2015",1,5.5,6.351,-33.17,3.15
"Notonecta","DC108_1","7/15/2015",1,5.5,8.536,-34.21,3.08
"Notonecta","DC108_1","7/15/2015",1,5.6,9.229,-32.41,1.87
"Notonecta","DC108_1","7/15/2015",1,5.8,6.563,-34.26,2.25
"Notonecta","DC108_1","7/15/2015",1,6,8.514,-34.36,2.86
"Notonecta","DC108_1","7/15/2015",1,6.1,6.566,-31.97,1.75
"Notonecta","DC108_1","7/15/2015",1,6.2,9.547,-33.47,2.1
"Notonecta","DC108_1","7/15/2015",1,6.5,8.637,-32.44,2.36
"Notonecta","DC108_1","7/15/2015",1,6.6,8.745,-31.71,2.39
"Notonecta","DC108_1","7/15/2015",1,6.7,8.374,-30.88,2.4
"Notonecta","DC108_1","7/15/2015",1,7.1,7.709,-33.79,2.56
"Notonecta","DC108_1","7/15/2015",1,7.3,7.818,-33.48,2.74
"Notonecta","DC108_1","7/15/2015",1,7.3,8.564,-33.12,3.06
"Notonecta","DC108_1","7/15/2015",1,8.2,8.286,-32.15,3.05
"Notonecta","DC108_1","7/15/2015",1,8.5,8.667,-33.71,2.44
"Notonecta","DC108_1","7/15/2015",1,9.1,9.236,-32.4,2.14
"Notonecta","DC108_1","7/15/2015",1,9.2,9.2,-33.56,1.72
"Notonecta","DC108_1","7/15/2015",1,9.4,8.786,-33.05,2.27
"Notonecta","DC108_1","7/15/2015",1,9.6,8.585,-33.43,2.62
"Notonecta","DC108_1","7/15/2015",1,9.8,9.168,-32.61,2.36
"Notonecta","DC108_1","7/15/2015",1,11.1,10.016,-33.18,3.16
"Notonecta","DC108_1","7/15/2015",1,12.3,9.039,-34.88,2.42
"Notonecta","DC108_1","7/15/2015",1,13.4,8.603,-36.27,2.08
"Notonecta","DC108_1","7/15/2015",1,14.2,11.037,-34.09,2.93
"Notonecta","DC108_1","7/15/2015",1,14.4,10.923,-33.89,3.11
"Notonecta","DC108_1","7/15/2015",1,19.7,10.005,-33.75,3
"Notonecta","DC108_1","7/15/2015",1,21.3,11.286,-33.75,2.95
"Notonecta","DC108_1","7/15/2015",1,22.1,11.578,-33.61,2.47
"Notonecta","DC108_1","7/15/2015",1,22.5,10.878,-33.11,2.86
"Notonecta","DC108_1","7/15/2015",1,22.9,10.803,-34.05,2.8
"Notonecta","DC108_1","7/15/2015",1,23.6,11.188,-34.95,2.93
"Notonecta","DC108_1","7/15/2015",1,24,11.422,-33.93,2.9
"Notonecta","DC108_1","7/15/2015",1,25.7,11.578,-32.23,2.98
"Notonecta","DC108_1","7/15/2015",1,32.8,12.698,-33.53,4.55
"Notonecta","DC108_1","7/15/2015",1,40.6,12.494,-31.19,6.71
"Notonecta","DC108_1","7/15/2015",1,41.1,13.194,-31.99,6.26
"Notonecta","DC108_1","7/15/2015",1,41.4,13.209,-32.7,4.4
"Notonecta","DC108_1","7/15/2015",1,42.5,13.75,-29.61,5.6
"Notonecta","DC108_1","7/15/2015",1,43.2,13.796,-29.22,4.77
"Notonecta","DC108_1","7/15/2015",1,44.3,11.985,-30.26,6.53
"Notonecta","DC108_1","7/15/2015",1,45.4,13.989,-29.44,4.54
"Notonecta","DC108_1","7/15/2015",1,45.9,15.031,-31.19,9.77
"Notonecta","DC108_1","7/15/2015",1,46,13.47,-29.39,4.19
"Notonecta","DC108_1","7/15/2015",1,46.5,14.049,-30.72,4.35
"Notonecta","DC108_1","7/15/2015",1,46.7,13.786,-33.64,3.17
"Notonecta","DC108_1","7/15/2015",1,48,13.181,-33.31,5.93
"Notonecta","DC108_1","7/15/2015",1,49.6,14.007,-31.77,4.43
"Notonecta","DC108_1","7/15/2015",1,49.9,13.497,-30.66,6.11
"Notonecta","DC108_1","7/15/2015",1,49.9,13.613,-29.75,4.73
"Notonecta","DC108_1","7/15/2015",1,50,13.442,-31.49,4.09
"Notonecta","DC108_1","7/15/2015",1,50,14,-31.86,2.75
"Notonecta","DC108_1","7/15/2015",1,50,14.077,-29.21,3.91
"Notonecta","DC108_1","7/15/2015",1,50.7,13.73,-30.2,7.43
"Notonecta","DC108_1","7/15/2015",1,52.3,14.534,-31.87,5.8
"Notonecta","DC108_1","7/15/2015",1,52.4,13.082,-30.68,3.62
"Notonecta","DC108_1","7/15/2015",1,52.9,14.215,-30.93,4.46
"Notonecta","DC108_1","7/15/2015",1,53.3,13.194,-30.79,3.8
"Notonecta","DC108_1","7/15/2015",1,53.8,12.627,-30.81,5.86
"Notonecta","DC108_1","7/15/2015",1,54.2,13.967,-30.87,6.91
"Notonecta","DC108_1","7/15/2015",1,54.7,14.675,-30.79,3.94
"Notonecta","DC108_1","7/15/2015",1,55.9,14.399,-29.65,5.46
"Notonecta","DC108_1","7/15/2015",1,56.3,14.714,-29.18,4.03
"Notonecta","DC108_1","7/15/2015",1,56.6,14.227,-33.13,7.64
"Notonecta","DC108_1","7/15/2015",1,56.9,14.03,-29.1,4.91
"Notonecta","DC108_1","7/15/2015",1,57.2,14.175,-30.3,4.27
"Notonecta","DC108_1","7/15/2015",1,57.6,14.772,-30.26,4.6
"Notonecta","DC108_1","7/15/2015",1,57.8,14.442,-30.11,4.43
"Notonecta","DC108_1","7/15/2015",1,60.2,14.249,-31.74,6.03
"Notonecta","DC108_1","7/15/2015",1,60.8,14.248,-30.43,6.28
"Notonecta","DC108_1","7/15/2015",1,61.3,14.274,-30.87,4.29
"Rana.sphenocephala","DC108_1","06/10/2015",1,7.3,8.004,-33.67,1.83
"Rana.sphenocephala","DC108_1","06/10/2015",1,8.3,8.577,-33.58,1.51
"Rana.sphenocephala","DC108_1","06/10/2015",1,8.7,8.432,-33.88,1.84
"Rana.sphenocephala","DC108_1","06/10/2015",1,9.8,7.959,-34.63,1.83
"Rana.sphenocephala","DC108_1","06/10/2015",1,11.2,NA,-30.53,2.49
"Rana.sphenocephala","DC108_1","06/10/2015",1,11.2,NA,-30.97,2.64
"Rana.sphenocephala","DC108_1","06/10/2015",1,11.2,NA,-29.19,2.12
"Rana.sphenocephala","DC108_1","06/10/2015",1,11.2,NA,-29.31,2.11
"Rana.sphenocephala","DC108_1","06/10/2015",1,11.2,NA,-28.76,2.75
"Rana.sphenocephala","DC108_1","06/10/2015",3,11.2,NA,-29.23,1.32
"Rana.sphenocephala","DC108_1","06/10/2015",1,13.2,10.076,-33.99,1.69
"Rana.sphenocephala","DC108_1","06/10/2015",1,13.6,10.232,-34.54,1.9
"Rana.sphenocephala","DC108_1","06/10/2015",1,13.7,9.385,-31.59,1.73
"Rana.sphenocephala","DC108_1","06/10/2015",1,13.9,NA,-28.75,1.96
"Rana.sphenocephala","DC108_1","06/10/2015",1,13.9,NA,-29.33,2.25
"Rana.sphenocephala","DC108_1","06/10/2015",1,13.9,NA,-28.07,2.83
"Rana.sphenocephala","DC108_1","06/10/2015",1,13.9,NA,-29.06,2.7
"Rana.sphenocephala","DC108_1","06/10/2015",1,13.9,NA,-29.24,2.4
"Rana.sphenocephala","DC108_1","06/10/2015",4,13.9,NA,-31.98,2.22
"Rana.sphenocephala","DC108_1","06/10/2015",1,14.2,8.429,-33.85,1.98
"Rana.sphenocephala","DC108_1","06/10/2015",1,14.2,8.703,-35.72,2.13
"Rana.sphenocephala","DC108_1","06/10/2015",1,14.8,8.996,-34.31,1.71
"Rana.sphenocephala","DC108_1","06/10/2015",1,15.2,10.045,-33.72,1.67
"Rana.sphenocephala","DC108_1","06/10/2015",1,15.4,11.449,-34.16,2.14
"Rana.sphenocephala","DC108_1","06/10/2015",1,15.5,10.452,-32.22,1.9
"Rana.sphenocephala","DC108_1","06/10/2015",1,15.6,9.126,-34.27,1.91
"Rana.sphenocephala","DC108_1","06/10/2015",1,16.3,10.317,-32.61,1.5
"Rana.sphenocephala","DC108_1","06/10/2015",1,16.4,9.341,-34.35,2.38
"Rana.sphenocephala","DC108_1","06/10/2015",9,16.5,NA,-30.27,2.04
"Rana.sphenocephala","DC108_1","06/10/2015",1,17.6,11.234,-35.03,2.23
"Rana.sphenocephala","DC108_1","06/10/2015",1,18.9,10.375,-34.9,2.9
"Rana.sphenocephala","DC108_1","06/10/2015",1,19.3,10.422,-33.57,1.42
"Rana.sphenocephala","DC108_1","06/10/2015",1,19.3,10.474,-29.4,2.09
"Rana.sphenocephala","DC108_1","06/10/2015",2,21.3,NA,-29.74,1.78
"Rana.sphenocephala","DC108_1","06/10/2015",2,21.3,NA,-30.88,2.2
"Rana.sphenocephala","DC108_1","06/10/2015",2,21.3,NA,-31.19,2.37
"Rana.sphenocephala","DC108_1","06/10/2015",2,21.3,NA,-31.54,2.02
"Rana.sphenocephala","DC108_1","06/10/2015",1,22.3,11.056,-29.78,2.48
"Rana.sphenocephala","DC108_1","06/10/2015",2,22.7,NA,-34.68,1.57
"Rana.sphenocephala","DC108_1","06/10/2015",2,22.7,NA,-33.02,2.26
"Rana.sphenocephala","DC108_1","06/10/2015",3,22.7,NA,-29.66,1.99
"Rana.sphenocephala","DC108_1","06/10/2015",5,23.2,47.078,-29.69,1.98
"Rana.sphenocephala","DC108_1","06/10/2015",1,23.3,11.07,-29.04,2.48
"Rana.sphenocephala","DC108_1","06/10/2015",1,23.7,10.926,-32.83,1.78
"Rana.sphenocephala","DC108_1","06/10/2015",1,24.1,10.537,-35.49,2.76
"Rana.sphenocephala","DC108_1","06/10/2015",1,28.8,11.879,-36.01,2.51
"Rana.sphenocephala","DC108_1","06/10/2015",1,29,12.464,-33.38,1.65
"Rana.sphenocephala","DC108_1","06/10/2015",5,32.2,55.626,-33.06,2.12
"Rana.sphenocephala","DC108_1","06/10/2015",1,32.3,NA,-30.32,1.14
"Rana.sphenocephala","DC108_1","06/10/2015",1,32.3,NA,-30.74,1.76
"Rana.sphenocephala","DC108_1","06/10/2015",1,32.3,NA,-31.7,2.03
"Rana.sphenocephala","DC108_1","06/10/2015",1,32.3,NA,-33.3,1.81
"Rana.sphenocephala","DC108_1","06/10/2015",1,32.8,13.533,-35.54,2.14
"Rana.sphenocephala","DC108_1","06/10/2015",1,34.3,13.109,-34.81,1.68
"Rana.sphenocephala","DC108_1","06/10/2015",1,35,NA,-34.98,2.52
"Rana.sphenocephala","DC108_1","06/10/2015",1,35,NA,-33.59,2.44
"Rana.sphenocephala","DC108_1","06/10/2015",1,35,NA,-34.32,1.92
"Rana.sphenocephala","DC108_1","06/10/2015",1,35,NA,-33.79,2.01
"Rana.sphenocephala","DC108_1","06/10/2015",1,35,NA,-30.18,1.19
"Rana.sphenocephala","DC108_1","06/10/2015",4,38.2,54.285,-34.19,1.97
"Rana.sphenocephala","DC108_1","06/10/2015",1,38.2,6.883,-32.97,1.95
"Rana.sphenocephala","DC108_1","06/10/2015",1,47.3,14.494,-34.26,1.84
"Rana.sphenocephala","DC108_1","06/10/2015",1,52.9,13.999,-33.38,1.86
"Rana.sphenocephala","DC108_1","06/10/2015",1,87.2,18.298,-31.31,1.93
"Rana.sphenocephala","DC108_1","06/10/2015",1,88,18.526,-31.18,2.57
"Rana.sphenocephala","DC108_1","06/10/2015",1,410,23.592,-32.89,2.63
"Rana.sphenocephala","DC108_1","06/10/2015",1,560.7,26.802,-31.68,2.66
"Rana.sphenocephala","DC108_1","06/10/2015",1,579.6,25.249,-31.52,2.11
"Rana.sphenocephala","DC108_1","06/10/2015",1,615.7,27.825,-33.82,2.38
"Rana.sphenocephala","DC108_1","06/10/2015",1,672.4,27.707,-31.05,2.63
"Rana.sphenocephala","DC108_1","06/10/2015",1,781.4,28.282,-34.7,1.92
"Rana.sphenocephala","DC108_1","06/10/2015",1,991.4,30.288,-32.86,2.76
"Rana.sphenocephala","DC108_1","06/10/2015",1,1006.2,25.543,-30.64,3.2
"Rana.sphenocephala","DC108_1","06/10/2015",1,1006.7,28.766,-31.96,3.28
"Rana.sphenocephala","DC108_1","06/10/2015",1,1009.1,27.48,-30.21,3.58
"Rana.sphenocephala","DC108_1","06/10/2015",1,1107,23.33,-32.89,3.1
"Tramea","DC108_1","09/04/2013",1,0.9,NA,-27.88,1.79
"Tramea","DC108_1","09/04/2013",1,1.1,NA,-28.79,1.81
"Tramea","DC108_1","09/04/2013",1,1.6,NA,-29.78,2.24
"Tramea","DC108_1","09/04/2013",1,1.6,NA,-29.71,1.81
"Tramea","DC108_1","09/04/2013",2,2.35,NA,-29.91,2.18
"Tramea","DC108_1","09/04/2013",3,3.333333333,NA,-29.63,2.38
"Tramea","DC108_1","09/04/2013",1,6.2,NA,-30.38,2.48
"Tramea","DC108_1","09/04/2013",1,6.6,NA,-29.66,2.76
"Tramea","DC108_1","09/04/2013",1,8,NA,-29.41,2.75
"Tramea","DC108_1","09/04/2013",1,9.6,NA,-29.27,2.12
"Tramea","DC108_1","09/04/2013",1,9.9,NA,-29.95,2.45
"Tramea","DC108_1","09/04/2013",1,10,NA,-29.5,2.14
"Tramea","DC108_1","09/04/2013",1,10,NA,-30.25,2.57
"Tramea","DC108_1","09/04/2013",1,11.6,NA,-29.23,2.52
"Tramea","DC108_1","09/04/2013",1,12.1,NA,-29.59,2.81
"Tramea","DC108_1","09/04/2013",1,12.6,NA,-30.42,3.1
"Tramea","DC108_1","09/04/2013",1,12.9,NA,-29.46,2.77
"Tramea","DC108_1","09/04/2013",1,13.3,NA,-29.69,2.54
"Tramea","DC108_1","09/04/2013",1,13.9,NA,-28.96,3.3
"Tramea","DC108_1","09/04/2013",1,14.1,NA,-29.44,2.72
"Tramea","DC108_1","09/04/2013",1,17.2,NA,-30.44,3.04
"Tramea","DC108_1","09/04/2013",1,17.8,NA,-29.66,2.91
"Tramea","DC108_1","09/04/2013",1,19,NA,-29.64,3.33
"Tramea","DC108_1","09/04/2013",1,20.5,NA,-31.57,2.64
"Tramea","DC108_1","09/04/2013",1,21.6,NA,-29.25,2.25
"Tramea","DC108_1","09/04/2013",1,21.7,NA,-29.55,3.28
"Tramea","DC108_1","09/04/2013",1,22.1,NA,-29.43,2.66
"Tramea","DC108_1","09/04/2013",1,22.7,NA,-29.52,2.7
"Tramea","DC108_1","09/04/2013",1,22.7,NA,-29.74,2.83
"Tramea","DC108_1","09/04/2013",1,22.8,NA,-29.43,2.96
"Tramea","DC108_1","09/04/2013",1,23.2,NA,-30.2,2.66
"Tramea","DC108_1","09/04/2013",1,23.4,NA,-29.39,3.04
"Tramea","DC108_1","09/04/2013",1,23.6,NA,-29.82,2.46
"Tramea","DC108_1","09/04/2013",1,25.5,NA,-30.08,2.39
"Tramea","DC108_1","09/04/2013",1,25.7,NA,-29.6,2.34
"Tramea","DC108_1","09/04/2013",1,26,NA,-29.42,2.59
"Tramea","DC108_1","09/04/2013",1,27.2,NA,-29.69,2.79
"Tramea","DC108_1","09/04/2013",1,27.6,NA,-29.38,2.87
"Tramea","DC108_1","09/04/2013",1,27.9,NA,-30.29,2.63
"Tramea","DC108_1","09/04/2013",1,29,NA,-29.24,2.17
"Tramea","DC108_1","09/04/2013",1,29.1,NA,-30.13,3.07
"Tramea","DC108_1","09/04/2013",1,31.6,NA,-29.67,3.3
"Tramea","DC108_1","09/04/2013",1,32.1,NA,-29.79,2.82
"Tramea","DC108_1","09/04/2013",1,32.1,NA,-30.33,2.82
"Tramea","DC108_1","09/04/2013",1,32.3,NA,-29.4,2.31
"Tramea","DC108_1","09/04/2013",1,36.3,NA,-29.66,2.13
"Tramea","DC108_1","09/04/2013",1,36.8,NA,-29.66,2.34
"Tramea","DC108_1","09/04/2013",1,39.6,NA,-29.33,2.28
"Tramea","DC108_1","09/04/2013",1,39.8,NA,-30.38,2.28
"Tramea","DC108_1","09/04/2013",1,40.5,NA,-29.33,2.56
"Tramea","DC108_1","09/04/2013",1,40.5,NA,-29.81,2.69
